method,lambda,seed,mean_forgetting,mean_new_fact_acquisition_nll,mean_final_memory_nll,mean_final_probability,mean_final_exact_match,pareto_nondominated
combined,0.0,42,5.256228278339323,0.4037027828550587,3.9543937391911945,0.2333383661501063,0.06944444444444445,False
combined,1.0,42,4.853482978884131,0.4241749396702896,3.6594148446909256,0.232814391876163,0.05555555555555555,False
combined,10.0,42,3.3880359841407173,0.6869541020908704,2.6271670675939984,0.1829363245789619,0.027777777777777776,True
combined,30.0,42,2.568973305117753,1.2213145590697725,2.378565425674121,0.12803446628318674,0.013888888888888888,False
combined,50.0,42,2.1691260892483926,1.5782989505678415,2.4115120122830076,0.10339111581633625,0.0,True
combined,100.0,42,1.5571788702574043,2.364839546382427,2.580591377284792,0.07842126349282327,0.0,False
combined,300.0,42,1.1044967509806154,2.982709616422653,2.7557333724366293,0.06984001608496598,0.0,False
lora,0.0,42,4.286814613209572,0.5044097018059498,3.7514421224801078,0.22811071546986791,0.08333333333333333,False
lora,1.0,42,3.9427143900926844,0.561384455523997,3.5077875540074377,0.21467139006561722,0.08333333333333333,False
lora,10.0,42,2.193541744309995,1.062811687278251,2.4909370173182754,0.15038250942342452,0.013888888888888888,True
lora,30.0,42,1.2299670833680365,2.041874798635642,2.544574961066246,0.0876280722890541,0.0,True
lora,50.0,42,1.0098405364486907,2.3679637225965657,2.623582245575057,0.0778791178934225,0.0,True
lora,100.0,42,0.7705296948552132,2.7284040798743563,2.6915071739090815,0.07310616965490735,0.0,True
lora,300.0,42,0.5435997587111262,3.08395516872406,2.7808435559272766,0.07288589966833488,0.0,True
symmetric,0.0,42,5.6855654722344795,0.123243455052337,3.841275439429511,0.311900263570455,0.3333333333333333,True
symmetric,1.0,42,5.434262264371177,0.13515796656914367,3.6542539534728147,0.3059616477189679,0.2916666666666667,True
symmetric,10.0,42,3.8738811354916027,0.3682137506063251,2.7072481497501335,0.24419411923934187,0.125,True
symmetric,30.0,42,2.753590820163178,0.9028184431760262,2.3001946128076978,0.15496316045318242,0.0,True
symmetric,50.0,42,2.440887884818949,1.2346687951746085,2.3154454314046435,0.12042102048116983,0.0,False
symmetric,100.0,42,1.8907662466194275,1.8116261422013242,2.4463774545325174,0.09492638764986036,0.0,True
symmetric,300.0,42,1.1878210363728512,2.676701409121354,2.5881724109252295,0.08173662080941578,0.0,False
