canonical_run_id,method,protocol,lambda,seed,roles,adapter_parameters,acquisition_a_nll,acquisition_b_nll,acquisition_c_nll,acquisition_a_probability,acquisition_b_probability,acquisition_c_probability,acquisition_a_exact_match,acquisition_b_exact_match,acquisition_c_exact_match,forgetting_a_after_b_nll,forgetting_a_after_c_nll,forgetting_b_after_c_nll,final_a_nll,final_b_nll,final_c_nll,final_a_probability,final_b_probability,final_c_probability,final_a_exact_match,final_b_exact_match,final_c_exact_match,mean_forgetting,mean_new_fact_acquisition_nll,mean_final_memory_nll,mean_final_probability,mean_final_exact_match,mean_final_paraphrase_nll,mean_final_paraphrase_probability,mean_final_paraphrase_exact_match,parameter_displacement_a_b_l2,parameter_displacement_b_c_l2,parameter_displacement_a_c_l2,fisher_a_sum,fisher_a_max,fisher_a_effective_support,fisher_ab_sum,fisher_ab_max,fisher_ab_effective_support,realized_ewc_penalty_b,realized_ewc_penalty_c
4de47c62df6dcc0b74940d9f,combined,ewc_like,0.0,42,confirmation;exploratory_lambda,6144,0.5090576503425837,0.4109745626337826,0.3964310030763348,0.6088477832026044,0.6867146320489578,0.6814566346881935,0.3333333333333333,0.375,0.2083333333333333,5.2219668334970875,6.307430178547899,4.239287822972983,6.816487828890483,4.650262385606766,0.3964310030763348,0.0016246436339294,0.0169338201281959,0.6814566346881935,0.0,0.0,0.2083333333333333,5.256228278339323,0.4037027828550587,3.9543937391911945,0.2333383661501063,0.06944444444444445,3.998907378357318,0.22588944274546388,0.05555555555555553,4.7143120765686035,4.272078990936279,6.6946587562561035,752.8252563476562,6.0296630859375,1485.5576171875,1153.2974853515625,6.367905139923096,1610.37451171875,0.0,0.0
0659c40583bf015a54271308,combined,ewc_like,1.0,42,exploratory_lambda,6144,0.5090576503425837,0.43701416176433366,0.4113357175762455,0.6088477832026044,0.6708653796069197,0.6709259652004501,0.3333333333333333,0.375,0.1666666666666666,4.939611932262778,5.82922469638288,3.791612308006734,6.338282346725464,4.228626469771068,0.4113357175762455,0.0025292443863526,0.0249879660416863,0.6709259652004501,0.0,0.0,0.1666666666666666,4.853482978884131,0.4241749396702896,3.6594148446909256,0.232814391876163,0.05555555555555555,3.730841210318936,0.22836779101839313,0.05555555555555553,4.666708469390869,4.158634185791016,6.5686187744140625,752.8252563476562,6.0296630859375,1485.5576171875,1249.318115234375,6.505084991455078,1616.1839599609375,0.1090057390392758,0.1602263586828485
9aabddbd7b10647527446519,combined,ewc_like,10.0,42,confirmation;exploratory_lambda,6144,0.5090576503425837,0.5464612616536518,0.8274469425280889,0.6088477832026044,0.6043749236794184,0.4566622093886976,0.3333333333333333,0.25,0.0833333333333333,4.165572604164481,3.790807943170269,2.207727405087401,4.299865593512853,2.754188666741053,0.8274469425280889,0.0177425545184465,0.0744042098297415,0.4566622093886976,0.0,0.0,0.0833333333333333,3.3880359841407173,0.6869541020908704,2.6271670675939984,0.1829363245789619,0.027777777777777776,2.6778613697323537,0.17588169620769603,0.027777777777777766,4.547951698303223,4.361716270446777,6.518432140350342,752.8252563476562,6.0296630859375,1485.5576171875,2251.447509765625,8.321242332458496,1594.80078125,0.4388367966748774,0.5443725397344679
3cd98ef3ae00086cee8c127e,combined,ewc_like,30.0,42,confirmation;exploratory_lambda,6144,0.5090576503425837,0.7950377011050781,1.647591417034467,0.6088477832026044,0.4783251583828552,0.2069345215241809,0.3333333333333333,0.125,0.0416666666666666,3.5229104068130255,2.9696899161984525,1.2143195923417807,3.478747566541036,2.009357293446859,1.647591417034467,0.0357836294303887,0.1413852478949905,0.2069345215241809,0.0,0.0,0.0416666666666666,2.568973305117753,1.2213145590697725,2.378565425674121,0.12803446628318674,0.013888888888888888,2.416728469232718,0.12060860064106249,0.0,4.488269805908203,4.726116180419922,6.621565818786621,752.8252563476562,6.0296630859375,1485.5576171875,3021.783935546875,10.98996353149414,1486.80126953125,0.6625191355124116,0.5028873716946691
291c25f1339cd81e3876f799,combined,ewc_like,50.0,42,exploratory_lambda,6144,0.5090576503425837,1.0626019823054473,2.093995918830236,0.6088477832026044,0.3716949864190144,0.1293893331811287,0.3333333333333333,0.0416666666666666,0.0,2.9384977823744216,2.5661542223145566,1.0027262630561988,3.07521187265714,2.065328245361646,2.093995918830236,0.0496548288671147,0.1311291854007653,0.1293893331811287,0.0,0.0,0.0,2.1691260892483926,1.5782989505678415,2.4115120122830076,0.10339111581633625,0.0,2.4520179861121707,0.09845779776070307,0.0,4.405006408691406,4.335046768188477,6.2063374519348145,752.8252563476562,6.0296630859375,1485.5576171875,2661.60986328125,11.366954803466797,1482.8173828125,0.6898481442476623,0.4627851099940017
104e1dd0e2b04e73815684c8,combined,ewc_like,100.0,42,exploratory_lambda;mechanistic_control,6144,0.5090576503425837,2.016888454556465,2.7127906382083893,0.6088477832026044,0.1393920147957163,0.0672205635084488,0.3333333333333333,0.0,0.0,2.1684992220252752,2.133745323245724,0.3692920655012131,2.642802973588308,2.3861805200576782,2.7127906382083893,0.0741491821311628,0.0938940448388581,0.0672205635084488,0.0,0.0,0.0,1.5571788702574043,2.364839546382427,2.580591377284792,0.07842126349282327,0.0,2.659055709838867,0.07301081660422687,0.0,4.167612552642822,2.9693479537963867,5.143148899078369,752.8252563476562,6.0296630859375,1485.5576171875,2105.813232421875,12.683751106262207,1446.6546630859375,0.5928088445216417,0.2681726880837232
c6fde0c42c0b2fcd47c08482,combined,ewc_like,300.0,42,exploratory_lambda,6144,0.5090576503425837,2.922180712223053,3.0432385206222534,0.6088477832026044,0.0562364659048043,0.0491287689647731,0.3333333333333333,0.0,0.0,1.5207670188198485,1.7846343672523894,0.008088866869608413,2.293692017594973,2.9302695790926614,3.0432385206222534,0.1051994145193695,0.0551918647707551,0.0491287689647731,0.0,0.0,0.0,1.1044967509806154,2.982709616422653,2.7557333724366293,0.06984001608496598,0.0,2.814297243952751,0.0665182974153968,0.0,3.205697536468506,1.556363582611084,3.708970069885254,752.8252563476562,6.0296630859375,1485.5576171875,1317.402099609375,7.710083961486816,1612.2008056640625,0.45335407921811566,0.18098196051141713
ba708d366746bc458dafb99a,lora,ewc_like,0.0,42,confirmation;exploratory_lambda,6144,1.253896461178859,0.5603538734721951,0.4484655301397045,0.3111852088272477,0.5862282431704703,0.6587485472349156,0.0833333333333333,0.2083333333333333,0.25,3.8688333369791508,5.235958093156418,3.7556524094931474,6.489854554335277,4.316006282965343,0.4484655301397045,0.002687309869379,0.0228962893053091,0.6587485472349156,0.0,0.0,0.25,4.286814613209572,0.5044097018059498,3.7514421224801078,0.22811071546986791,0.08333333333333333,3.736256102100015,0.22538341581043328,0.09722222222222222,6.141963481903076,5.809696674346924,8.711356163024902,264.556640625,0.9457881450653076,1768.7034912109375,417.5404052734375,1.1238079071044922,1847.221923828125,0.0,0.0
b67883d20750f2e7a925fdc5,lora,ewc_like,1.0,42,confirmation;exploratory_lambda,6144,1.253896461178859,0.587015546062806,0.5357533649851879,0.3111852088272477,0.5721655102873116,0.6109344862569263,0.0833333333333333,0.2083333333333333,0.25,3.6814458804825945,4.924100571622452,3.2225967181730084,6.177997032801311,3.809612264235815,0.5357533649851879,0.0033845661318786,0.0296951178080468,0.6109344862569263,0.0,0.0,0.25,3.9427143900926844,0.561384455523997,3.5077875540074377,0.21467139006561722,0.08333333333333333,3.473472501979106,0.21373892451179374,0.06944444444444443,6.078360080718994,5.697057723999023,8.658831596374512,264.556640625,0.9457881450653076,1768.7034912109375,461.05047607421875,1.1073646545410156,1828.7532958984375,0.122428446309641,0.18530068779364228
5a7c5b90269865eb07dcf729,lora,ewc_like,10.0,42,confirmation;exploratory_lambda,6144,1.253896461178859,0.9439919597158829,1.1816314148406188,0.3111852088272477,0.4197122240740049,0.3309845160135387,0.0833333333333333,0.1666666666666666,0.0416666666666666,2.48733401671052,2.4719588793814182,1.621332336838047,3.7258553405602775,2.56532429655393,1.1816314148406188,0.0310555870437068,0.089107425213028,0.3309845160135387,0.0,0.0,0.0416666666666666,2.193541744309995,1.062811687278251,2.4909370173182754,0.15038250942342452,0.013888888888888888,2.5048610195517544,0.1439443419592127,0.0,5.871228218078613,5.8239426612854,8.46431827545166,264.556640625,0.9457881450653076,1768.7034912109375,655.9683227539062,2.152444362640381,1729.8839111328125,0.42034256737679243,0.42909294832497835
73aaa88ebf8795c305c5827e,lora,ewc_like,30.0,42,exploratory_lambda,6144,1.253896461178859,1.879688635468483,2.2040609618028006,0.3111852088272477,0.1828821342391176,0.116279083674286,0.0833333333333333,0.0833333333333333,0.0,1.3938224253555138,1.5407719401021798,0.7553068846464157,2.7946684012810388,2.6349955201148987,2.2040609618028006,0.0670549767017763,0.0795501564910999,0.116279083674286,0.0,0.0,0.0,1.2299670833680365,2.041874798635642,2.544574961066246,0.0876280722890541,0.0,2.51371660331885,0.09109376291941933,0.0,5.685247898101807,5.295808792114258,7.802165508270264,264.556640625,0.9457881450653076,1768.7034912109375,618.6226196289062,2.4579811096191406,1765.741455078125,0.41933068656362593,0.32645219354890287
6dd9bea5269467cbc421f7fa,lora,ewc_like,50.0,42,exploratory_lambda,6144,1.253896461178859,2.236090558270613,2.4998368869225183,0.3111852088272477,0.122721881318509,0.0864189939686247,0.0833333333333333,0.0,0.0,1.1485987789928915,1.353770920385917,0.5271519099672637,2.607667381564776,2.763242468237877,2.4998368869225183,0.0781871015927384,0.0690312581189042,0.0864189939686247,0.0,0.0,0.0,1.0098405364486907,2.3679637225965657,2.623582245575057,0.0778791178934225,0.0,2.6050665378570557,0.0795124463739623,0.0,5.38508415222168,4.5599446296691895,7.073996543884277,264.556640625,0.9457881450653076,1768.7034912109375,524.1596069335938,1.7230594158172607,1813.953369140625,0.40266705909743905,0.25958099868148565
d58735a62810f8c72b35e90c,lora,ewc_like,100.0,42,exploratory_lambda;mechanistic_control,6144,1.253896461178859,2.696960190931956,2.759847968816757,0.3111852088272477,0.0699690900590825,0.0667507316517831,0.0833333333333333,0.0,0.0,0.9477721837659676,1.1290507751206558,0.2347661256790161,2.3829472362995148,2.931726316610972,2.759847968816757,0.0963048674011896,0.0562629099117492,0.0667507316517831,0.0,0.0,0.0,0.7705296948552132,2.7284040798743563,2.6915071739090815,0.07310616965490735,0.0,2.679127913382318,0.07398282469142073,0.0,4.671400547027588,3.5437889099121094,5.964889049530029,264.556640625,0.9457881450653076,1768.7034912109375,429.239013671875,1.17766273021698,1848.5797119140625,0.34323828876949847,0.21153190755285323
55e8c479e4cbc3111701116b,lora,ewc_like,300.0,42,exploratory_lambda,6144,1.253896461178859,3.148548185825348,3.019362151622772,0.3111852088272477,0.045189916881372,0.0515160805819171,0.0833333333333333,0.0,0.0,0.7100754069785278,0.901486271371444,0.019237597783406724,2.155382732550303,3.167785783608754,3.019362151622772,0.1225008428567118,0.0446407755663756,0.0515160805819171,0.0,0.0,0.0,0.5435997587111262,3.08395516872406,2.7808435559272766,0.07288589966833488,0.0,2.8218077321847286,0.07246985522948517,0.0,3.4366772174835205,2.0938780307769775,4.366745471954346,264.556640625,0.9457881450653076,1768.7034912109375,396.50555419921875,1.1289145946502686,1856.5167236328125,0.2717154042329639,0.1575998918269761
50af38603bb410ea320e8124,symmetric,ewc_like,0.0,42,confirmation;exploratory_lambda,6144,0.21594323099513227,0.16395986141287722,0.08252704869179676,0.8212563637332758,0.8551719010882742,0.9219741673485752,0.6666666666666666,0.625,1.0,5.995300239514714,6.0909808538272046,4.970415323361522,6.306924084822337,5.134375184774399,0.0825270486917967,0.0028722708661863,0.0108543524966036,0.9219741673485752,0.0,0.0,1.0,5.6855654722344795,0.123243455052337,3.841275439429511,0.311900263570455,0.3333333333333333,3.908487070985656,0.29918981669102923,0.2777777777777778,4.4742937088012695,3.989009380340576,6.000111103057861,754.9945068359375,3.192953586578369,1566.418212890625,1451.638916015625,4.0083489418029785,1719.8726806640625,0.0,0.0
da337ad32d573c9d99668c63,symmetric,ewc_like,1.0,42,exploratory_lambda,6144,0.21594323099513227,0.16066373048427826,0.10965220265400906,0.8212563637332758,0.8584786830147136,0.899649991048559,0.6666666666666666,0.625,0.875,5.826284096828506,6.017922606260981,4.458580090024043,6.233865837256114,4.619243820508321,0.109652202654009,0.0034068340923529,0.0148281180159916,0.899649991048559,0.0,0.0,0.875,5.434262264371177,0.13515796656914367,3.6542539534728147,0.3059616477189679,0.2916666666666667,3.691450115086304,0.3001339442787732,0.2916666666666667,4.5112104415893555,3.9294285774230957,5.98534631729126,754.9945068359375,3.192953586578369,1566.418212890625,1520.020751953125,3.8004324436187744,1729.361083984375,0.10901063098572195,0.17079860460944474
74eb412d168e9a2432c0a66e,symmetric,ewc_like,10.0,42,confirmation;exploratory_lambda,6144,0.21594323099513227,0.29250614350894466,0.4439213577037056,0.8212563637332758,0.757518904605654,0.6567405273405198,0.6666666666666666,0.375,0.375,4.45226968943219,4.413509971093541,2.755863745949076,4.629453202088674,3.0483698894580207,0.4439213577037056,0.0135714407554156,0.0622703896220901,0.6567405273405198,0.0,0.0,0.375,3.8738811354916027,0.3682137506063251,2.7072481497501335,0.24419411923934187,0.125,2.789473765322732,0.23644303340973252,0.1111111111111111,4.425455570220947,4.014382839202881,5.908160209655762,754.9945068359375,3.192953586578369,1566.418212890625,1849.62451171875,4.326714038848877,1796.4443359375,0.37016161950305104,0.4517681198194623
ce99179bd6c1c05fbc51aca0,symmetric,ewc_like,30.0,42,confirmation;exploratory_lambda,6144,0.21594323099513227,0.5533385312495133,1.252298355102539,0.8212563637332758,0.5935265397213494,0.3070435311782751,0.6666666666666666,0.4166666666666667,0.0,3.3817687394136255,3.163281297873861,1.7157224232020476,3.3792245288689933,2.269060954451561,1.252298355102539,0.0420199134453377,0.1158260367359343,0.3070435311782751,0.0,0.0,0.0,2.753590820163178,0.9028184431760262,2.3001946128076978,0.15496316045318242,0.0,2.3534772785173526,0.15264707192333857,0.0,4.478206157684326,4.080390453338623,5.947911262512207,754.9945068359375,3.192953586578369,1566.418212890625,2241.23193359375,5.796322822570801,1961.767578125,0.5186944431625307,0.5877563520334661
8b9d367b07cc995a73a2f86b,symmetric,ewc_like,50.0,42,exploratory_lambda,6144,0.21594323099513227,0.6868484346196055,1.7824891557296116,0.8212563637332758,0.5286571490899282,0.1754550721660518,0.6666666666666666,0.25,0.0,3.0616081815872653,2.835982656669027,1.4250728162005544,3.0519258876641597,2.11192125082016,1.7824891557296116,0.0530673491538403,0.1327406401236172,0.1754550721660518,0.0,0.0,0.0,2.440887884818949,1.2346687951746085,2.3154454314046435,0.12042102048116983,0.0,2.325173430972629,0.12001379540884083,0.0,4.453787326812744,4.089718818664551,5.862975597381592,754.9945068359375,3.192953586578369,1566.418212890625,2405.87109375,5.922929763793945,2001.77294921875,0.5862867401447147,0.5061340751126409
a446b4695fc5f68233306f47,symmetric,ewc_like,100.0,42,exploratory_lambda;mechanistic_control,6144,0.21594323099513227,1.1973719764500856,2.425880307952563,0.8212563637332758,0.3341866928288211,0.0951059073857098,0.6666666666666666,0.1666666666666666,0.0,2.172361891658511,2.4046685260448917,1.0952683221548796,2.620611757040024,2.292640298604965,2.425880307952563,0.0782451172071839,0.1114281383566873,0.0951059073857098,0.0,0.0,0.0,1.8907662466194275,1.8116261422013242,2.4463774545325174,0.09492638764986036,0.0,2.45470513155063,0.09604178996889434,0.0,4.236100673675537,3.261545181274414,5.171377658843994,754.9945068359375,3.192953586578369,1566.418212890625,2718.32373046875,4.448077201843262,1985.4771728515625,0.6700646597892046,0.39288188563659787
b11996f3446604da92a903f2,symmetric,ewc_like,300.0,42,exploratory_lambda,6144,0.21594323099513227,2.5236357698837915,2.8297670483589172,0.8212563637332758,0.0850300958850264,0.0615963498667432,0.6666666666666666,0.0,0.0,1.3682919255807064,1.9778557928317848,0.21731539070606232,2.193799023826917,2.7409511605898538,2.829767048358917,0.1160929635206022,0.0675205490409018,0.0615963498667432,0.0,0.0,0.0,1.1878210363728512,2.676701409121354,2.5881724109252295,0.08173662080941578,0.0,2.6174075686269336,0.07941100671809496,0.0,3.0769481658935547,1.6928893327713013,3.604158878326416,754.9945068359375,3.192953586578369,1566.418212890625,1543.60693359375,3.601935386657715,1909.7152099609375,0.4375903954496607,0.21731008164351806
