state,factor,fisher_sum,share,canonical_run_id,method,lambda,seed
fisher_a,A,0.38776087760925293,0.0005150742145534291,4de47c62df6dcc0b74940d9f,combined,0.0,42
fisher_a,B,183.72145080566406,0.24404262377831426,4de47c62df6dcc0b74940d9f,combined,0.0,42
fisher_a,U,0.5498443841934204,0.0007303745185981129,4de47c62df6dcc0b74940d9f,combined,0.0,42
fisher_a,P,568.166259765625,0.7547120065047933,4de47c62df6dcc0b74940d9f,combined,0.0,42
fisher_ab,A,0.5853915214538574,0.0005075806796504122,4de47c62df6dcc0b74940d9f,combined,0.0,42
fisher_ab,B,279.60223388671875,0.24243721801013632,4de47c62df6dcc0b74940d9f,combined,0.0,42
fisher_ab,U,0.9589897394180298,0.0008315198390688406,4de47c62df6dcc0b74940d9f,combined,0.0,42
fisher_ab,P,872.15087890625,0.7562236890167068,4de47c62df6dcc0b74940d9f,combined,0.0,42
fisher_a,A,0.2606829106807709,0.00031444585961995747,89e66773e12a17b424a3968b,combined,0.0,123
fisher_a,B,267.99334716796875,0.3232639922678204,89e66773e12a17b424a3968b,combined,0.0,123
fisher_a,U,0.24425280094146729,0.00029462722261328295,89e66773e12a17b424a3968b,combined,0.0,123
fisher_a,P,560.5248413085938,0.676126851212968,89e66773e12a17b424a3968b,combined,0.0,123
fisher_ab,A,0.5640271902084351,0.0004889288110711194,89e66773e12a17b424a3968b,combined,0.0,123
fisher_ab,B,369.4515380859375,0.32026027184611494,89e66773e12a17b424a3968b,combined,0.0,123
fisher_ab,U,0.43390679359436035,0.00037613352049459313,89e66773e12a17b424a3968b,combined,0.0,123
fisher_ab,P,783.1482543945312,0.678874620870741,89e66773e12a17b424a3968b,combined,0.0,123
fisher_a,A,0.06701914966106415,5.820637606180853e-05,164018ca724dd632767eeabc,combined,0.0,456
fisher_a,B,34.15670394897461,0.029665222031918993,164018ca724dd632767eeabc,combined,0.0,456
fisher_a,U,0.36301130056381226,0.00031527663932117935,164018ca724dd632767eeabc,combined,0.0,456
fisher_a,P,1116.8189697265625,0.9699613509514896,164018ca724dd632767eeabc,combined,0.0,456
fisher_ab,A,0.2728094160556793,0.0001406291266526019,164018ca724dd632767eeabc,combined,0.0,456
fisher_ab,B,85.11737823486328,0.04387672074223781,164018ca724dd632767eeabc,combined,0.0,456
fisher_ab,U,0.8467716574668884,0.000436497978645432,164018ca724dd632767eeabc,combined,0.0,456
fisher_ab,P,1853.6842041015625,0.955546162890954,164018ca724dd632767eeabc,combined,0.0,456
fisher_a,A,0.38776087760925293,0.0005150742145534291,0659c40583bf015a54271308,combined,1.0,42
fisher_a,B,183.72145080566406,0.24404262377831426,0659c40583bf015a54271308,combined,1.0,42
fisher_a,U,0.5498443841934204,0.0007303745185981129,0659c40583bf015a54271308,combined,1.0,42
fisher_a,P,568.166259765625,0.7547120065047933,0659c40583bf015a54271308,combined,1.0,42
fisher_ab,A,0.5571868419647217,0.00044599276611000886,0659c40583bf015a54271308,combined,1.0,42
fisher_ab,B,304.0244445800781,0.24335230624831083,0659c40583bf015a54271308,combined,1.0,42
fisher_ab,U,0.9494863748550415,0.000760003687833275,0659c40583bf015a54271308,combined,1.0,42
fisher_ab,P,943.7869873046875,0.7554416891870898,0659c40583bf015a54271308,combined,1.0,42
fisher_a,A,0.38776087760925293,0.0005150742145534291,9aabddbd7b10647527446519,combined,10.0,42
fisher_a,B,183.72145080566406,0.24404262377831426,9aabddbd7b10647527446519,combined,10.0,42
fisher_a,U,0.5498443841934204,0.0007303745185981129,9aabddbd7b10647527446519,combined,10.0,42
fisher_a,P,568.166259765625,0.7547120065047933,9aabddbd7b10647527446519,combined,10.0,42
fisher_ab,A,0.7224178314208984,0.00032086816516370924,9aabddbd7b10647527446519,combined,10.0,42
fisher_ab,B,475.3304443359375,0.21112215242602714,9aabddbd7b10647527446519,combined,10.0,42
fisher_ab,U,0.9388834238052368,0.0004170132413626531,9aabddbd7b10647527446519,combined,10.0,42
fisher_ab,P,1774.4556884765625,0.7881399325455661,9aabddbd7b10647527446519,combined,10.0,42
fisher_a,A,0.2606829106807709,0.00031444585961995747,024ef8d9a9bc757e74ba57e6,combined,10.0,123
fisher_a,B,267.99334716796875,0.3232639922678204,024ef8d9a9bc757e74ba57e6,combined,10.0,123
fisher_a,U,0.24425280094146729,0.00029462722261328295,024ef8d9a9bc757e74ba57e6,combined,10.0,123
fisher_a,P,560.5248413085938,0.676126851212968,024ef8d9a9bc757e74ba57e6,combined,10.0,123
fisher_ab,A,0.4434397518634796,0.00025880054065157934,024ef8d9a9bc757e74ba57e6,combined,10.0,123
fisher_ab,B,538.2180786132812,0.3141151174386696,024ef8d9a9bc757e74ba57e6,combined,10.0,123
fisher_ab,U,1.2835562229156494,0.0007491097562889172,024ef8d9a9bc757e74ba57e6,combined,10.0,123
fisher_ab,P,1173.4969482421875,0.6848769046568387,024ef8d9a9bc757e74ba57e6,combined,10.0,123
fisher_a,A,0.06701914966106415,5.820637606180853e-05,1a0b1c6cbfeeba5caa4dc2e4,combined,10.0,456
fisher_a,B,34.15670394897461,0.029665222031918993,1a0b1c6cbfeeba5caa4dc2e4,combined,10.0,456
fisher_a,U,0.36301130056381226,0.00031527663932117935,1a0b1c6cbfeeba5caa4dc2e4,combined,10.0,456
fisher_a,P,1116.8189697265625,0.9699613509514896,1a0b1c6cbfeeba5caa4dc2e4,combined,10.0,456
fisher_ab,A,0.4256214201450348,0.0001141406779787852,1a0b1c6cbfeeba5caa4dc2e4,combined,10.0,456
fisher_ab,B,168.78688049316406,0.04526428431832459,1a0b1c6cbfeeba5caa4dc2e4,combined,10.0,456
fisher_ab,U,0.7549597024917603,0.00020246070383325078,1a0b1c6cbfeeba5caa4dc2e4,combined,10.0,456
fisher_ab,P,3558.9521484375,0.9544190961495463,1a0b1c6cbfeeba5caa4dc2e4,combined,10.0,456
fisher_a,A,0.38776087760925293,0.0005150742145534291,3cd98ef3ae00086cee8c127e,combined,30.0,42
fisher_a,B,183.72145080566406,0.24404262377831426,3cd98ef3ae00086cee8c127e,combined,30.0,42
fisher_a,U,0.5498443841934204,0.0007303745185981129,3cd98ef3ae00086cee8c127e,combined,30.0,42
fisher_a,P,568.166259765625,0.7547120065047933,3cd98ef3ae00086cee8c127e,combined,30.0,42
fisher_ab,A,0.7470569014549255,0.0002472237980574627,3cd98ef3ae00086cee8c127e,combined,30.0,42
fisher_ab,B,528.16259765625,0.1747850306049974,3cd98ef3ae00086cee8c127e,combined,30.0,42
fisher_ab,U,1.4464669227600098,0.00047867979763358947,3cd98ef3ae00086cee8c127e,combined,30.0,42
fisher_ab,P,2491.427734375,0.8244890394270057,3cd98ef3ae00086cee8c127e,combined,30.0,42
fisher_a,A,0.2606829106807709,0.00031444585961995747,6ae0f47222234e36814c001c,combined,30.0,123
fisher_a,B,267.99334716796875,0.3232639922678204,6ae0f47222234e36814c001c,combined,30.0,123
fisher_a,U,0.24425280094146729,0.00029462722261328295,6ae0f47222234e36814c001c,combined,30.0,123
fisher_a,P,560.5248413085938,0.676126851212968,6ae0f47222234e36814c001c,combined,30.0,123
fisher_ab,A,0.4215121567249298,0.00015384540891589732,6ae0f47222234e36814c001c,combined,30.0,123
fisher_ab,B,613.9849243164062,0.22409498811038,6ae0f47222234e36814c001c,combined,30.0,123
fisher_ab,U,1.2513729333877563,0.0004567317396944226,6ae0f47222234e36814c001c,combined,30.0,123
fisher_ab,P,2124.1845703125,0.7752944692549557,6ae0f47222234e36814c001c,combined,30.0,123
fisher_a,A,0.06701914966106415,5.820637606180853e-05,203b18f47f22cf77c1c97653,combined,30.0,456
fisher_a,B,34.15670394897461,0.029665222031918993,203b18f47f22cf77c1c97653,combined,30.0,456
fisher_a,U,0.36301130056381226,0.00031527663932117935,203b18f47f22cf77c1c97653,combined,30.0,456
fisher_a,P,1116.8189697265625,0.9699613509514896,203b18f47f22cf77c1c97653,combined,30.0,456
fisher_ab,A,0.2416873723268509,7.536212721710877e-05,203b18f47f22cf77c1c97653,combined,30.0,456
fisher_ab,B,197.42474365234375,0.06156030620752489,203b18f47f22cf77c1c97653,combined,30.0,456
fisher_ab,U,0.8500223159790039,0.00026505104216847106,203b18f47f22cf77c1c97653,combined,30.0,456
fisher_ab,P,3008.497314453125,0.9380993105321528,203b18f47f22cf77c1c97653,combined,30.0,456
fisher_a,A,0.38776087760925293,0.0005150742145534291,291c25f1339cd81e3876f799,combined,50.0,42
fisher_a,B,183.72145080566406,0.24404262377831426,291c25f1339cd81e3876f799,combined,50.0,42
fisher_a,U,0.5498443841934204,0.0007303745185981129,291c25f1339cd81e3876f799,combined,50.0,42
fisher_a,P,568.166259765625,0.7547120065047933,291c25f1339cd81e3876f799,combined,50.0,42
fisher_ab,A,0.6516166925430298,0.0002448205131535365,291c25f1339cd81e3876f799,combined,50.0,42
fisher_ab,B,428.3687438964844,0.16094347627957337,291c25f1339cd81e3876f799,combined,50.0,42
fisher_ab,U,1.3841551542282104,0.0005200443435845308,291c25f1339cd81e3876f799,combined,50.0,42
fisher_ab,P,2231.205322265625,0.8382916493685444,291c25f1339cd81e3876f799,combined,50.0,42
fisher_a,A,0.38776087760925293,0.0005150742145534291,104e1dd0e2b04e73815684c8,combined,100.0,42
fisher_a,B,183.72145080566406,0.24404262377831426,104e1dd0e2b04e73815684c8,combined,100.0,42
fisher_a,U,0.5498443841934204,0.0007303745185981129,104e1dd0e2b04e73815684c8,combined,100.0,42
fisher_a,P,568.166259765625,0.7547120065047933,104e1dd0e2b04e73815684c8,combined,100.0,42
fisher_ab,A,0.5954182744026184,0.0002827498019460319,104e1dd0e2b04e73815684c8,combined,100.0,42
fisher_ab,B,307.62939453125,0.14608579231760666,104e1dd0e2b04e73815684c8,combined,100.0,42
fisher_ab,U,1.3575226068496704,0.0006446547993662273,104e1dd0e2b04e73815684c8,combined,100.0,42
fisher_ab,P,1796.2310791015625,0.8529868895522775,104e1dd0e2b04e73815684c8,combined,100.0,42
fisher_a,A,0.2606829106807709,0.00031444585961995747,3fe02c800ebf745dce35f8a0,combined,100.0,123
fisher_a,B,267.99334716796875,0.3232639922678204,3fe02c800ebf745dce35f8a0,combined,100.0,123
fisher_a,U,0.24425280094146729,0.00029462722261328295,3fe02c800ebf745dce35f8a0,combined,100.0,123
fisher_a,P,560.5248413085938,0.676126851212968,3fe02c800ebf745dce35f8a0,combined,100.0,123
fisher_ab,A,0.3794071078300476,0.00013555089044753557,3fe02c800ebf745dce35f8a0,combined,100.0,123
fisher_ab,B,542.6563720703125,0.19387500371793126,3fe02c800ebf745dce35f8a0,combined,100.0,123
fisher_ab,U,0.8196823000907898,0.00029284813955346575,3fe02c800ebf745dce35f8a0,combined,100.0,123
fisher_ab,P,2255.14599609375,0.8056966818782754,3fe02c800ebf745dce35f8a0,combined,100.0,123
fisher_a,A,0.06701914966106415,5.820637606180853e-05,6ee2b26ed647fd0fa4c25ed2,combined,100.0,456
fisher_a,B,34.15670394897461,0.029665222031918993,6ee2b26ed647fd0fa4c25ed2,combined,100.0,456
fisher_a,U,0.36301130056381226,0.00031527663932117935,6ee2b26ed647fd0fa4c25ed2,combined,100.0,456
fisher_a,P,1116.8189697265625,0.9699613509514896,6ee2b26ed647fd0fa4c25ed2,combined,100.0,456
fisher_ab,A,0.22883257269859314,7.814985822635233e-05,6ee2b26ed647fd0fa4c25ed2,combined,100.0,456
fisher_ab,B,359.88177490234375,0.12290518502324697,6ee2b26ed647fd0fa4c25ed2,combined,100.0,456
fisher_ab,U,1.1566592454910278,0.000395016998608779,6ee2b26ed647fd0fa4c25ed2,combined,100.0,456
fisher_ab,P,2566.858154296875,0.8766217085260716,6ee2b26ed647fd0fa4c25ed2,combined,100.0,456
fisher_a,A,0.38776087760925293,0.0005150742145534291,c6fde0c42c0b2fcd47c08482,combined,300.0,42
fisher_a,B,183.72145080566406,0.24404262377831426,c6fde0c42c0b2fcd47c08482,combined,300.0,42
fisher_a,U,0.5498443841934204,0.0007303745185981129,c6fde0c42c0b2fcd47c08482,combined,300.0,42
fisher_a,P,568.166259765625,0.7547120065047933,c6fde0c42c0b2fcd47c08482,combined,300.0,42
fisher_ab,A,0.6651801466941833,0.0005049180860508853,c6fde0c42c0b2fcd47c08482,combined,300.0,42
fisher_ab,B,272.4855041503906,0.20683548647082448,c6fde0c42c0b2fcd47c08482,combined,300.0,42
fisher_ab,U,1.0952478647232056,0.0008313694543586648,c6fde0c42c0b2fcd47c08482,combined,300.0,42
fisher_ab,P,1043.1561279296875,0.7918281959919415,c6fde0c42c0b2fcd47c08482,combined,300.0,42
fisher_a,U,0.9084618091583252,0.0034339028761936796,ba708d366746bc458dafb99a,lora,0.0,42
fisher_a,V,263.648193359375,0.9965661520970374,ba708d366746bc458dafb99a,lora,0.0,42
fisher_ab,U,1.5558414459228516,0.003726205718711144,ba708d366746bc458dafb99a,lora,0.0,42
fisher_ab,V,415.98455810546875,0.996273780577116,ba708d366746bc458dafb99a,lora,0.0,42
fisher_a,U,0.676413893699646,0.002497783123610158,9dc7f3743b37a17ab717aa34,lora,0.0,123
fisher_a,V,270.1293029785156,0.99750229919422,9dc7f3743b37a17ab717aa34,lora,0.0,123
fisher_ab,U,1.183531641960144,0.0029503206423545075,9dc7f3743b37a17ab717aa34,lora,0.0,123
fisher_ab,V,399.9700927734375,0.9970498288322556,9dc7f3743b37a17ab717aa34,lora,0.0,123
fisher_a,U,0.5911041498184204,0.0033500503098605728,805f3127272e39c471bb1a94,lora,0.0,456
fisher_a,V,175.85525512695312,0.9966500017122714,805f3127272e39c471bb1a94,lora,0.0,456
fisher_ab,U,1.333582878112793,0.004317977961919762,805f3127272e39c471bb1a94,lora,0.0,456
fisher_ab,V,307.5107116699219,0.9956820065986773,805f3127272e39c471bb1a94,lora,0.0,456
fisher_a,U,0.9084618091583252,0.0034339028761936796,b67883d20750f2e7a925fdc5,lora,1.0,42
fisher_a,V,263.648193359375,0.9965661520970374,b67883d20750f2e7a925fdc5,lora,1.0,42
fisher_ab,U,1.573156476020813,0.003412113331746284,b67883d20750f2e7a925fdc5,lora,1.0,42
fisher_ab,V,459.4773254394531,0.9965878993377021,b67883d20750f2e7a925fdc5,lora,1.0,42
fisher_a,U,0.676413893699646,0.002497783123610158,8c823e20cf6154a86ffac27b,lora,1.0,123
fisher_a,V,270.1293029785156,0.99750229919422,8c823e20cf6154a86ffac27b,lora,1.0,123
fisher_ab,U,1.1325435638427734,0.0025678239125603327,8c823e20cf6154a86ffac27b,lora,1.0,123
fisher_ab,V,439.9193420410156,0.9974321890610742,8c823e20cf6154a86ffac27b,lora,1.0,123
fisher_a,U,0.5911041498184204,0.0033500503098605728,26f9af5214412b42c6fab10e,lora,1.0,456
fisher_a,V,175.85525512695312,0.9966500017122714,26f9af5214412b42c6fab10e,lora,1.0,456
fisher_ab,U,1.2982380390167236,0.003962343612585712,26f9af5214412b42c6fab10e,lora,1.0,456
fisher_ab,V,326.3457336425781,0.9960376250973572,26f9af5214412b42c6fab10e,lora,1.0,456
fisher_a,U,0.9084618091583252,0.0034339028761936796,5a7c5b90269865eb07dcf729,lora,10.0,42
fisher_a,V,263.648193359375,0.9965661520970374,5a7c5b90269865eb07dcf729,lora,10.0,42
fisher_ab,U,1.4161748886108398,0.0021589074342270235,5a7c5b90269865eb07dcf729,lora,10.0,42
fisher_ab,V,654.5521240234375,0.9978410562197223,5a7c5b90269865eb07dcf729,lora,10.0,42
fisher_a,U,0.676413893699646,0.002497783123610158,349b147d4dc952a6d61e2c6f,lora,10.0,123
fisher_a,V,270.1293029785156,0.99750229919422,349b147d4dc952a6d61e2c6f,lora,10.0,123
fisher_ab,U,1.2444287538528442,0.002004755935701113,349b147d4dc952a6d61e2c6f,lora,10.0,123
fisher_ab,V,619.4938354492188,0.9979952166019546,349b147d4dc952a6d61e2c6f,lora,10.0,123
fisher_a,U,0.5911041498184204,0.0033500503098605728,e230693b443f1a1eeac51b83,lora,10.0,456
fisher_a,V,175.85525512695312,0.9966500017122714,e230693b443f1a1eeac51b83,lora,10.0,456
fisher_ab,U,1.2304227352142334,0.0026516782612324348,e230693b443f1a1eeac51b83,lora,10.0,456
fisher_ab,V,462.7861328125,0.9973482225725188,e230693b443f1a1eeac51b83,lora,10.0,456
fisher_a,U,0.9084618091583252,0.0034339028761936796,73aaa88ebf8795c305c5827e,lora,30.0,42
fisher_a,V,263.648193359375,0.9965661520970374,73aaa88ebf8795c305c5827e,lora,30.0,42
fisher_ab,U,1.536226511001587,0.0024833015513126963,73aaa88ebf8795c305c5827e,lora,30.0,42
fisher_ab,V,617.08642578125,0.9975167512488021,73aaa88ebf8795c305c5827e,lora,30.0,42
fisher_a,U,0.9084618091583252,0.0034339028761936796,6dd9bea5269467cbc421f7fa,lora,50.0,42
fisher_a,V,263.648193359375,0.9965661520970374,6dd9bea5269467cbc421f7fa,lora,50.0,42
fisher_ab,U,1.4998327493667603,0.0028614046743147365,6dd9bea5269467cbc421f7fa,lora,50.0,42
fisher_ab,V,522.6597290039062,0.9971385091299537,6dd9bea5269467cbc421f7fa,lora,50.0,42
fisher_a,U,0.9084618091583252,0.0034339028761936796,d58735a62810f8c72b35e90c,lora,100.0,42
fisher_a,V,263.648193359375,0.9965661520970374,d58735a62810f8c72b35e90c,lora,100.0,42
fisher_ab,U,1.3488669395446777,0.003142461184983986,d58735a62810f8c72b35e90c,lora,100.0,42
fisher_ab,V,427.89013671875,0.9968575154863343,d58735a62810f8c72b35e90c,lora,100.0,42
fisher_a,U,0.676413893699646,0.002497783123610158,766614b233faf8765bce4039,lora,100.0,123
fisher_a,V,270.1293029785156,0.99750229919422,766614b233faf8765bce4039,lora,100.0,123
fisher_ab,U,0.944737434387207,0.002586267915685936,766614b233faf8765bce4039,lora,100.0,123
fisher_ab,V,364.3450927734375,0.9974136615945205,766614b233faf8765bce4039,lora,100.0,123
fisher_a,U,0.5911041498184204,0.0033500503098605728,0551ea8ac895477e4d9d11ce,lora,100.0,456
fisher_a,V,175.85525512695312,0.9966500017122714,0551ea8ac895477e4d9d11ce,lora,100.0,456
fisher_ab,U,0.9887373447418213,0.003747204576792668,0551ea8ac895477e4d9d11ce,lora,100.0,456
fisher_ab,V,262.8712463378906,0.9962527890981481,0551ea8ac895477e4d9d11ce,lora,100.0,456
fisher_a,U,0.9084618091583252,0.0034339028761936796,55e8c479e4cbc3111701116b,lora,300.0,42
fisher_a,V,263.648193359375,0.9965661520970374,55e8c479e4cbc3111701116b,lora,300.0,42
fisher_ab,U,1.3937233686447144,0.003515016003898037,55e8c479e4cbc3111701116b,lora,300.0,42
fisher_ab,V,395.1118469238281,0.9964850245838162,55e8c479e4cbc3111701116b,lora,300.0,42
fisher_a,U,1.2856333255767822,0.0017028379861525986,50af38603bb410ea320e8124,symmetric,0.0,42
fisher_a,P,753.7088623046875,0.9982971471717881,50af38603bb410ea320e8124,symmetric,0.0,42
fisher_ab,U,2.81701922416687,0.0019405784683004107,50af38603bb410ea320e8124,symmetric,0.0,42
fisher_ab,P,1448.8221435546875,0.9980595915211002,50af38603bb410ea320e8124,symmetric,0.0,42
fisher_a,U,0.4784601628780365,0.001057953674827069,627c367ae9601d2ea6e2cc7f,symmetric,0.0,123
fisher_a,P,451.7720947265625,0.9989419911687067,627c367ae9601d2ea6e2cc7f,symmetric,0.0,123
fisher_ab,U,1.5253344774246216,0.0013705217342588755,627c367ae9601d2ea6e2cc7f,symmetric,0.0,123
fisher_ab,P,1111.4337158203125,0.9986295374976967,627c367ae9601d2ea6e2cc7f,symmetric,0.0,123
fisher_a,U,0.9014098048210144,0.002597236248195887,8d61ca0bb8be4178db568d73,symmetric,0.0,456
fisher_a,P,346.16357421875,0.9974027106844101,8d61ca0bb8be4178db568d73,symmetric,0.0,456
fisher_ab,U,1.513264536857605,0.0028968491057280513,8d61ca0bb8be4178db568d73,symmetric,0.0,456
fisher_ab,P,520.8697509765625,0.9971033058440267,8d61ca0bb8be4178db568d73,symmetric,0.0,456
fisher_a,U,1.2856333255767822,0.0017028379861525986,da337ad32d573c9d99668c63,symmetric,1.0,42
fisher_a,P,753.7088623046875,0.9982971471717881,da337ad32d573c9d99668c63,symmetric,1.0,42
fisher_ab,U,3.1878199577331543,0.0020972213396672503,da337ad32d573c9d99668c63,symmetric,1.0,42
fisher_ab,P,1516.8326416015625,0.9979025876143691,da337ad32d573c9d99668c63,symmetric,1.0,42
fisher_a,U,1.2856333255767822,0.0017028379861525986,74eb412d168e9a2432c0a66e,symmetric,10.0,42
fisher_a,P,753.7088623046875,0.9982971471717881,74eb412d168e9a2432c0a66e,symmetric,10.0,42
fisher_ab,U,2.507772207260132,0.0013558277322621567,74eb412d168e9a2432c0a66e,symmetric,10.0,42
fisher_ab,P,1847.116943359375,0.9986442824781528,74eb412d168e9a2432c0a66e,symmetric,10.0,42
fisher_a,U,0.4784601628780365,0.001057953674827069,748a02464544bbce9e7e87ca,symmetric,10.0,123
fisher_a,P,451.7720947265625,0.9989419911687067,748a02464544bbce9e7e87ca,symmetric,10.0,123
fisher_ab,U,1.4010255336761475,0.0010302322278742725,748a02464544bbce9e7e87ca,symmetric,10.0,123
fisher_ab,P,1358.5113525390625,0.9989697858299907,748a02464544bbce9e7e87ca,symmetric,10.0,123
fisher_a,U,0.9014098048210144,0.002597236248195887,696eb55785498d5463d2bd89,symmetric,10.0,456
fisher_a,P,346.16357421875,0.9974027106844101,696eb55785498d5463d2bd89,symmetric,10.0,456
fisher_ab,U,2.148423433303833,0.0022295136930882025,696eb55785498d5463d2bd89,symmetric,10.0,456
fisher_ab,P,961.4803466796875,0.997770535048153,696eb55785498d5463d2bd89,symmetric,10.0,456
fisher_a,U,1.2856333255767822,0.0017028379861525986,ce99179bd6c1c05fbc51aca0,symmetric,30.0,42
fisher_a,P,753.7088623046875,0.9982971471717881,ce99179bd6c1c05fbc51aca0,symmetric,30.0,42
fisher_ab,U,2.8263063430786133,0.0012610503628451848,ce99179bd6c1c05fbc51aca0,symmetric,30.0,42
fisher_ab,P,2238.40576171875,0.9987390096345503,ce99179bd6c1c05fbc51aca0,symmetric,30.0,42
fisher_a,U,0.4784601628780365,0.001057953674827069,28279e69b073d8d31a6dbb9c,symmetric,30.0,123
fisher_a,P,451.7720947265625,0.9989419911687067,28279e69b073d8d31a6dbb9c,symmetric,30.0,123
fisher_ab,U,1.3680140972137451,0.0008314470013416046,28279e69b073d8d31a6dbb9c,symmetric,30.0,123
fisher_ab,P,1643.9732666015625,0.9991685360447452,28279e69b073d8d31a6dbb9c,symmetric,30.0,123
fisher_a,U,0.9014098048210144,0.002597236248195887,e319052e864f90d9264b0774,symmetric,30.0,456
fisher_a,P,346.16357421875,0.9974027106844101,e319052e864f90d9264b0774,symmetric,30.0,456
fisher_ab,U,2.7622134685516357,0.001927775279787884,e319052e864f90d9264b0774,symmetric,30.0,456
fisher_ab,P,1430.0882568359375,0.9980723144069089,e319052e864f90d9264b0774,symmetric,30.0,456
fisher_a,U,1.2856333255767822,0.0017028379861525986,8b9d367b07cc995a73a2f86b,symmetric,50.0,42
fisher_a,P,753.7088623046875,0.9982971471717881,8b9d367b07cc995a73a2f86b,symmetric,50.0,42
fisher_ab,U,2.931328296661377,0.0012184062164745301,8b9d367b07cc995a73a2f86b,symmetric,50.0,42
fisher_ab,P,2402.939453125,0.9987814639642931,8b9d367b07cc995a73a2f86b,symmetric,50.0,42
fisher_a,U,1.2856333255767822,0.0017028379861525986,a446b4695fc5f68233306f47,symmetric,100.0,42
fisher_a,P,753.7088623046875,0.9982971471717881,a446b4695fc5f68233306f47,symmetric,100.0,42
fisher_ab,U,3.2460525035858154,0.001194137573535461,a446b4695fc5f68233306f47,symmetric,100.0,42
fisher_ab,P,2715.07763671875,0.9988058472529906,a446b4695fc5f68233306f47,symmetric,100.0,42
fisher_a,U,0.4784601628780365,0.001057953674827069,37cbfbcb2692ab73b1f54b33,symmetric,100.0,123
fisher_a,P,451.7720947265625,0.9989419911687067,37cbfbcb2692ab73b1f54b33,symmetric,100.0,123
fisher_ab,U,1.6776456832885742,0.0007104995316421131,37cbfbcb2692ab73b1f54b33,symmetric,100.0,123
fisher_ab,P,2359.54248046875,0.9992895663025095,37cbfbcb2692ab73b1f54b33,symmetric,100.0,123
fisher_a,U,0.9014098048210144,0.002597236248195887,9bf9db0f74f1bb145cd44de1,symmetric,100.0,456
fisher_a,P,346.16357421875,0.9974027106844101,9bf9db0f74f1bb145cd44de1,symmetric,100.0,456
fisher_ab,U,3.297743797302246,0.0016925298507967637,9bf9db0f74f1bb145cd44de1,symmetric,100.0,456
fisher_ab,P,1945.113037109375,0.998307352188717,9bf9db0f74f1bb145cd44de1,symmetric,100.0,456
fisher_a,U,1.2856333255767822,0.0017028379861525986,b11996f3446604da92a903f2,symmetric,300.0,42
fisher_a,P,753.7088623046875,0.9982971471717881,b11996f3446604da92a903f2,symmetric,300.0,42
fisher_ab,U,2.30842924118042,0.0014954773724720504,b11996f3446604da92a903f2,symmetric,300.0,42
fisher_ab,P,1541.29833984375,0.9985044160532337,b11996f3446604da92a903f2,symmetric,300.0,42
