method,candidate_lambda,baseline_lambda,metric,mean_paired_difference,sample_sd,direction_consistency
lora,1,0,mean_forgetting,-0.3003013101190814,0.06974043405549635,3/3
lora,1,0,mean_new_fact_acquisition_nll,0.04845892192356083,0.011107942086177658,3/3
lora,1,0,mean_final_memory_nll,-0.20006226855157694,0.06731258358269511,3/3
lora,1,0,mean_final_probability,-0.01116465837610739,0.0025000685690967387,0/3
lora,1,0,mean_final_exact_match,-0.004629629629629632,0.008018753738744807,0/3
lora,10,0,mean_forgetting,-1.9418514632184436,0.32478739989924205,3/3
lora,10,0,mean_new_fact_acquisition_nll,0.5369696587343545,0.1358201384126163,3/3
lora,10,0,mean_final_memory_nll,-1.0687129767611623,0.23509106245142164,3/3
lora,10,0,mean_final_probability,-0.07745323048764384,0.003581520228662692,0/3
lora,10,0,mean_final_exact_match,-0.0787037037037037,0.016037507477489603,0/3
lora,10,1,mean_forgetting,-1.6415501530993624,0.25617099608205257,3/3
lora,10,1,mean_new_fact_acquisition_nll,0.48851073681079366,0.12673409964341503,3/3
lora,10,1,mean_final_memory_nll,-0.8686507082095853,0.16945257121835758,3/3
lora,10,1,mean_final_probability,-0.06628857211153645,0.002671518621522879,0/3
lora,10,1,mean_final_exact_match,-0.07407407407407407,0.008018753738744798,0/3
symmetric,10,0,mean_forgetting,-1.5037124513516942,0.26717157767261884,3/3
symmetric,10,0,mean_new_fact_acquisition_nll,0.1735177839339788,0.06237493180079271,3/3
symmetric,10,0,mean_final_memory_nll,-1.007301028162517,0.13502528013238224,3/3
symmetric,10,0,mean_final_probability,-0.051354761218226345,0.014170655382437374,0/3
symmetric,10,0,mean_final_exact_match,-0.1435185185185185,0.06262846878920685,0/3
symmetric,30,0,mean_forgetting,-2.6784703287530984,0.31861967528676927,3/3
symmetric,30,0,mean_new_fact_acquisition_nll,0.5591719655931229,0.20434912254197446,3/3
symmetric,30,0,mean_final_memory_nll,-1.6228959750798015,0.20176991219697685,3/3
symmetric,30,0,mean_final_probability,-0.11963690742874407,0.037280007585421764,0/3
symmetric,30,0,mean_final_exact_match,-0.25925925925925924,0.08486251286955257,0/3
symmetric,30,10,mean_forgetting,-1.174757877401404,0.2203468333718804,3/3
symmetric,30,10,mean_new_fact_acquisition_nll,0.38565418165914406,0.15222215810673523,3/3
symmetric,30,10,mean_final_memory_nll,-0.6155949469172844,0.21160045381517223,3/3
symmetric,30,10,mean_final_probability,-0.06828214621051774,0.025612267213406023,0/3
symmetric,30,10,mean_final_exact_match,-0.11574074074074074,0.028912027770362957,0/3
combined,10,0,mean_forgetting,-1.5992857935790976,0.23533715067419209,3/3
combined,10,0,mean_new_fact_acquisition_nll,0.276719225764585,0.045749353884204584,3/3
combined,10,0,mean_final_memory_nll,-0.9920548013588241,0.3025196732149265,3/3
combined,10,0,mean_final_probability,-0.055699791065844224,0.011199721013420762,0/3
combined,10,0,mean_final_exact_match,-0.06944444444444445,0.02777777777777777,0/3
combined,30,0,mean_forgetting,-2.7885716314000693,0.2552889954410818,3/3
combined,30,0,mean_new_fact_acquisition_nll,0.8646308981632401,0.2274594557519527,3/3
combined,30,0,mean_final_memory_nll,-1.511983323145951,0.05550915902458931,3/3
combined,30,0,mean_final_probability,-0.1294745548786743,0.021625501584786447,0/3
combined,30,0,mean_final_exact_match,-0.12962962962962962,0.06563632814239734,0/3
combined,30,10,mean_forgetting,-1.189285837820972,0.38099806239080886,3/3
combined,30,10,mean_new_fact_acquisition_nll,0.5879116723986549,0.18431660633897123,3/3
combined,30,10,mean_final_memory_nll,-0.5199285217871269,0.2516706558841738,3/3
combined,30,10,mean_final_probability,-0.07377476381283005,0.017030658698718205,0/3
combined,30,10,mean_final_exact_match,-0.06018518518518518,0.04877617478172564,0/3
