Method,Lambda,Mean forgetting,Mean acquisition NLL,Final mean NLL,Final probability,Final exact match
combined,0.0,5.5329 ± 0.2459,0.2991 ± 0.0922,3.9493 ± 0.0523,0.2553 ± 0.0206,0.1343 ± 0.0578
combined,10.0,3.9336 ± 0.4809,0.5758 ± 0.1149,2.9572 ± 0.3171,0.1996 ± 0.0231,0.0648 ± 0.0424
combined,30.0,2.7443 ± 0.3321,1.1637 ± 0.2463,2.4373 ± 0.0694,0.1259 ± 0.0134,0.0046 ± 0.0080
lora,0.0,4.4847 ± 0.3475,0.4435 ± 0.0853,3.6856 ± 0.0662,0.2285 ± 0.0129,0.0833 ± 0.0139
lora,1.0,4.1844 ± 0.4172,0.4920 ± 0.0963,3.4855 ± 0.0915,0.2173 ± 0.0146,0.0787 ± 0.0080
lora,10.0,2.5429 ± 0.6715,0.9805 ± 0.2138,2.6169 ± 0.2279,0.1510 ± 0.0165,0.0046 ± 0.0080
symmetric,0.0,5.7811 ± 0.0958,0.1454 ± 0.0466,4.0117 ± 0.1490,0.2979 ± 0.0183,0.2778 ± 0.0735
symmetric,10.0,4.2774 ± 0.3552,0.3189 ± 0.0660,3.0044 ± 0.2639,0.2465 ± 0.0133,0.1343 ± 0.0289
symmetric,30.0,3.1026 ± 0.4115,0.7046 ± 0.1744,2.3888 ± 0.1854,0.1782 ± 0.0208,0.0185 ± 0.0160
