method,lambda,seeds,n,a_theta_a_mean,a_theta_a_sample_sd,a_theta_b_mean,a_theta_b_sample_sd,a_theta_c_mean,a_theta_c_sample_sd,b_theta_b_mean,b_theta_b_sample_sd,b_theta_c_mean,b_theta_c_sample_sd
lora,0,"42,123,456",3,1.04750500453843,0.22461033144151188,5.379474560419719,0.45751672978520264,6.262674576706356,0.2213420269863743,0.4579602217676843,0.11420369691893247,4.364944656689963,0.07487973097764544
lora,1,"42,123,456",3,1.04750500453843,0.22461033144151188,5.175675279564328,0.44349537264514105,5.9842862420611915,0.25817975637263074,0.4835255182697438,0.11579397802750094,3.9717936383353343,0.2050123531065429
lora,10,"42,123,456",3,1.04750500453843,0.22461033144151188,3.833998418516583,0.529191663172335,4.014627844095231,0.6717111854100799,0.8311456003122859,0.20664478484802554,2.7060985200934944,0.23237032698121027
symmetric,0,"42,123,456",3,0.23988875818516434,0.022187828252952208,6.078557289308971,0.29771336946793864,6.59959997733434,0.27752574016460296,0.16114304809404223,0.034824373128672585,5.3059652182790975,0.268693781836252
symmetric,10,"42,123,456",3,0.23988875818516434,0.022187828252952208,4.936358587609398,0.2533842462853838,5.114135775301191,0.46880607837211175,0.2442688605838662,0.05787695414693096,3.5056165804465613,0.40699349271650953
symmetric,30,"42,123,456",3,0.23988875818516434,0.022187828252952208,4.0301781594753265,0.45290766079107975,3.7543966604603667,0.5581028472402496,0.41345197896266145,0.12497069608821627,2.4164456095960407,0.19246319081319582
combined,0,"42,123,456",3,0.3735944216863977,0.12637444115241184,6.09613436460495,0.3710906409569502,6.6345425844192505,0.16750469044441021,0.2999905054910212,0.09622749784289353,4.915104366011089,0.23960648073031257
combined,10,"42,123,456",3,0.3735944216863977,0.12637444115241184,4.827879839473301,0.4796018622206546,4.878394226233165,0.5036815382465658,0.4969581637221078,0.05292827546937517,3.33861752682262,0.5716362855857363
combined,30,"42,123,456",3,0.3735944216863977,0.12637444115241184,3.9956312361690736,0.45224014466595336,3.452382816208734,0.07234370157797047,0.7790061867692404,0.23270948379320905,2.311068049735493,0.31568476256749955
