rank,seed,symmetric_minus_lora_final_validation_loss,symmetric_minus_lora_final_validation_ppl
1,42,0.04432320594787598,1.6872076077027671
1,123,0.013557672500610352,0.5067632334010241
1,456,0.026254892349243164,0.9649198806727242
2,42,-0.029990196228027344,-1.066338729274264
2,123,-0.034210920333862305,-1.2021570345739576
2,456,-0.037331342697143555,-1.310664077235252
4,42,-0.0749671459197998,-2.5219342579325428
4,123,-0.08991026878356934,-2.999541901075819
4,456,-0.051351308822631836,-1.7290173437770804
8,42,-0.1176755428314209,-3.8616714251610276
8,123,-0.13193988800048828,-4.2361763921778035
8,456,-0.14731884002685547,-4.713207388509268
