method,architecture_key,rank,seed,steps,trainable_parameters,final_validation_loss,final_validation_ppl,best_recorded_validation_loss,training_seconds,tokens_per_second,peak_vram_mb,result_directory
LoRA,lora,1,123,1000,1536,3.614304780960083,37.125526578691215,3.614304780960083,152.86097514200083,3349.4487361759634,348.2958984375,results_rank_factorial_controlled/screening/lora_r1_seed123_steps1000
LoRA,lora,1,42,1000,1536,3.6170783042907715,37.22863801771407,3.6170783042907715,152.79586662699876,3350.8759844262077,348.2958984375,results_rank_factorial_controlled/screening/lora_r1_seed42_steps1000
LoRA,lora,1,456,1000,1536,3.591036558151245,36.271654125860664,3.591036558151245,151.79560561999824,3372.956667017947,348.2958984375,results_rank_factorial_controlled/screening/lora_r1_seed456_steps1000
LoRA,lora,2,123,1000,3072,3.5763845443725586,35.74407583046774,3.5763845443725586,152.4028437119996,3359.5173654865807,348.3193359375,results_rank_factorial_controlled/screening/lora_r2_seed123_steps1000
LoRA,lora,2,42,1000,3072,3.586073398590088,36.09207811969667,3.586073398590088,200.59784110100009,2552.3704402292665,348.3193359375,results_rank_factorial_controlled/screening/lora_r2_seed42_steps1000
LoRA,lora,2,456,1000,3072,3.57706356048584,35.768354875909665,3.57706356048584,151.96760862800147,3369.1390199691486,348.3193359375,results_rank_factorial_controlled/screening/lora_r2_seed456_steps1000
LoRA,lora,4,123,1000,6144,3.552021026611328,34.88374727493748,3.552021026611328,152.3694571790038,3360.2534883254316,348.3662109375,results_rank_factorial_controlled/screening/lora_r4_seed123_steps1000
LoRA,lora,4,42,1000,6144,3.552980899810791,34.91724732437122,3.552980899810791,155.7828942959968,3286.6252890844958,348.3662109375,results_rank_factorial_controlled/screening/lora_r4_seed42_steps1000
LoRA,lora,4,456,1000,6144,3.5421838760375977,34.54227292142257,3.5421838760375977,152.2081057760006,3363.815595691682,348.3662109375,results_rank_factorial_controlled/screening/lora_r4_seed456_steps1000
LoRA,lora,8,123,1000,12288,3.5343146324157715,34.27151807568003,3.5343146324157715,152.4898620870008,3357.600256126444,348.4599609375,results_rank_factorial_controlled/screening/lora_r8_seed123_steps1000
LoRA,lora,8,42,1000,12288,3.549185037612915,34.7849575010108,3.549185037612915,156.6886855910052,3267.625853575937,348.4599609375,results_rank_factorial_controlled/screening/lora_r8_seed42_steps1000
LoRA,lora,8,456,1000,12288,3.5382800102233887,34.40768739586118,3.5382800102233887,152.22165074499935,3363.516277048518,348.4599609375,results_rank_factorial_controlled/screening/lora_r8_seed456_steps1000
Symmetric Quadratic,symmetric_quadratic,1,123,1000,1536,3.6278624534606934,37.63228981209224,3.6278624534606934,152.7028738010049,3352.9165971507123,348.2958984375,results_rank_factorial_controlled/screening/symmetric_quadratic_r1_seed123_steps1000
Symmetric Quadratic,symmetric_quadratic,1,42,1000,1536,3.6614015102386475,38.915845625416836,3.6614015102386475,156.29640491300233,3275.827107379657,348.2958984375,results_rank_factorial_controlled/screening/symmetric_quadratic_r1_seed42_steps1000
Symmetric Quadratic,symmetric_quadratic,1,456,1000,1536,3.6172914505004883,37.23657400653339,3.6172914505004883,152.9652998620004,3347.164359903242,348.2958984375,results_rank_factorial_controlled/screening/symmetric_quadratic_r1_seed456_steps1000
Symmetric Quadratic,symmetric_quadratic,2,123,1000,3072,3.5421736240386963,34.541918795893785,3.5421736240386963,153.43044197199924,3337.017044462656,348.3193359375,results_rank_factorial_controlled/screening/symmetric_quadratic_r2_seed123_steps1000
Symmetric Quadratic,symmetric_quadratic,2,42,1000,3072,3.5560832023620605,35.02573939042241,3.5560832023620605,203.18238483599998,2519.9034867774794,348.3193359375,results_rank_factorial_controlled/screening/symmetric_quadratic_r2_seed42_steps1000
Symmetric Quadratic,symmetric_quadratic,2,456,1000,3072,3.5397322177886963,34.45769079867441,3.5397322177886963,152.82713483900443,3350.190400018726,348.3193359375,results_rank_factorial_controlled/screening/symmetric_quadratic_r2_seed456_steps1000
Symmetric Quadratic,symmetric_quadratic,4,123,1000,6144,3.462110757827759,31.884205373861658,3.462110757827759,153.35535296799935,3338.6509834243543,348.3662109375,results_rank_factorial_controlled/screening/symmetric_quadratic_r4_seed123_steps1000
Symmetric Quadratic,symmetric_quadratic,4,42,1000,6144,3.478013753890991,32.395313066438675,3.478013753890991,157.22198261800077,3256.542065392958,348.3662109375,results_rank_factorial_controlled/screening/symmetric_quadratic_r4_seed42_steps1000
Symmetric Quadratic,symmetric_quadratic,4,456,1000,6144,3.490832567214966,32.81325557764549,3.490832567214966,153.16779556799884,3342.7392364127722,348.3662109375,results_rank_factorial_controlled/screening/symmetric_quadratic_r4_seed456_steps1000
Symmetric Quadratic,symmetric_quadratic,8,123,1000,12288,3.402374744415283,30.035341683502224,3.402374744415283,153.2162204300039,3341.6827445753684,348.4599609375,results_rank_factorial_controlled/screening/symmetric_quadratic_r8_seed123_steps1000
Symmetric Quadratic,symmetric_quadratic,8,42,1000,12288,3.431509494781494,30.923286075849774,3.431509494781494,158.4323711149991,3231.662799696166,348.4599609375,results_rank_factorial_controlled/screening/symmetric_quadratic_r8_seed42_steps1000
Symmetric Quadratic,symmetric_quadratic,8,456,1000,12288,3.390961170196533,29.694480007351913,3.390961170196533,153.5375802589988,3334.688479109282,348.4599609375,results_rank_factorial_controlled/screening/symmetric_quadratic_r8_seed456_steps1000
