experiment,model,budget,layers,rank_per_layer,seed,steps,status,summary
concentrated_layer2_lora_seed42,lora,6144,2,4,42,1000,valid,results_multilayer/screen/concentrated_layer2_lora_seed42/summary.json
concentrated_layer2_symmetric_quadratic_seed42,symmetric_quadratic,6144,2,4,42,1000,valid,results_multilayer/screen/concentrated_layer2_symmetric_quadratic_seed42/summary.json
data_driven_two_lora_seed42,lora,6144,"2,4",2,42,0,incomplete/error,
distributed_four_lora_seed42,lora,6144,"0,3,7,11",1,42,1000,valid,results_multilayer/screen/distributed_four_lora_seed42/summary.json
distributed_four_symmetric_quadratic_seed42,symmetric_quadratic,6144,"0,3,7,11",1,42,1000,valid,results_multilayer/screen/distributed_four_symmetric_quadratic_seed42/summary.json
distributed_two_lora_seed42,lora,6144,"0,11",2,42,1000,valid,results_multilayer/screen/distributed_two_lora_seed42/summary.json
distributed_two_symmetric_quadratic_seed42,symmetric_quadratic,6144,"0,11",2,42,1000,valid,results_multilayer/screen/distributed_two_symmetric_quadratic_seed42/summary.json
6144_concentrated_lora_seed42,lora,6144,2,4,42,0,missing,
6144_concentrated_lora_seed123,lora,6144,2,4,123,0,missing,
6144_concentrated_lora_seed456,lora,6144,2,4,456,0,missing,
6144_concentrated_symmetric_quadratic_seed42,symmetric_quadratic,6144,2,4,42,0,missing,
6144_concentrated_symmetric_quadratic_seed123,symmetric_quadratic,6144,2,4,123,0,missing,
6144_concentrated_symmetric_quadratic_seed456,symmetric_quadratic,6144,2,4,456,0,missing,
6144_two_distributed_lora_seed42,lora,6144,"0,11",2,42,0,missing,
6144_two_distributed_lora_seed123,lora,6144,"0,11",2,123,0,missing,
6144_two_distributed_lora_seed456,lora,6144,"0,11",2,456,0,missing,
6144_two_distributed_symmetric_quadratic_seed42,symmetric_quadratic,6144,"0,11",2,42,0,missing,
6144_two_distributed_symmetric_quadratic_seed123,symmetric_quadratic,6144,"0,11",2,123,0,missing,
6144_two_distributed_symmetric_quadratic_seed456,symmetric_quadratic,6144,"0,11",2,456,0,missing,
6144_four_distributed_lora_seed42,lora,6144,"0,3,7,11",1,42,0,missing,
6144_four_distributed_lora_seed123,lora,6144,"0,3,7,11",1,123,0,missing,
6144_four_distributed_lora_seed456,lora,6144,"0,3,7,11",1,456,0,missing,
6144_four_distributed_symmetric_quadratic_seed42,symmetric_quadratic,6144,"0,3,7,11",1,42,0,missing,
6144_four_distributed_symmetric_quadratic_seed123,symmetric_quadratic,6144,"0,3,7,11",1,123,0,missing,
6144_four_distributed_symmetric_quadratic_seed456,symmetric_quadratic,6144,"0,3,7,11",1,456,0,missing,
12288_concentrated_lora_seed42,lora,12288,2,8,42,0,missing,
12288_concentrated_lora_seed123,lora,12288,2,8,123,0,missing,
12288_concentrated_lora_seed456,lora,12288,2,8,456,0,missing,
12288_concentrated_symmetric_quadratic_seed42,symmetric_quadratic,12288,2,8,42,0,missing,
12288_concentrated_symmetric_quadratic_seed123,symmetric_quadratic,12288,2,8,123,0,missing,
12288_concentrated_symmetric_quadratic_seed456,symmetric_quadratic,12288,2,8,456,0,missing,
12288_two_distributed_lora_seed42,lora,12288,"0,11",4,42,0,missing,
12288_two_distributed_lora_seed123,lora,12288,"0,11",4,123,0,missing,
12288_two_distributed_lora_seed456,lora,12288,"0,11",4,456,0,missing,
12288_two_distributed_symmetric_quadratic_seed42,symmetric_quadratic,12288,"0,11",4,42,0,missing,
12288_two_distributed_symmetric_quadratic_seed123,symmetric_quadratic,12288,"0,11",4,123,0,missing,
12288_two_distributed_symmetric_quadratic_seed456,symmetric_quadratic,12288,"0,11",4,456,0,missing,
12288_four_distributed_lora_seed42,lora,12288,"0,3,7,11",2,42,0,missing,
12288_four_distributed_lora_seed123,lora,12288,"0,3,7,11",2,123,0,missing,
12288_four_distributed_lora_seed456,lora,12288,"0,3,7,11",2,456,0,missing,
12288_four_distributed_symmetric_quadratic_seed42,symmetric_quadratic,12288,"0,3,7,11",2,42,0,missing,
12288_four_distributed_symmetric_quadratic_seed123,symmetric_quadratic,12288,"0,3,7,11",2,123,0,missing,
12288_four_distributed_symmetric_quadratic_seed456,symmetric_quadratic,12288,"0,3,7,11",2,456,0,missing,
