canonical_run_id,method,protocol,lambda,seed,source_directory,reused,dataset_hash,config_hash,complete,scientific_role
4de47c62df6dcc0b74940d9f,combined,ewc_like,0.0,42,results_ewc_lambda_sweep/combined_lambda_0_seed_42,True,cc505ec681369c5f9aa4c7123cfff11da878bce17c0669890d416b5eb07f1923,a42b869c90cc6fc5c071e0f5743d1d9f0c4cb5fd857ef5326d2355209ba7cbe0,True,confirmation;exploratory_lambda
89e66773e12a17b424a3968b,combined,ewc_like,0.0,123,results_ewc_confirmation/combined_lambda_0_seed_123,False,cc505ec681369c5f9aa4c7123cfff11da878bce17c0669890d416b5eb07f1923,cf024eab8c77d3b2a50178b2baa0f95795c6c3e3ff0482eaafe37514d197ac1f,True,confirmation
164018ca724dd632767eeabc,combined,ewc_like,0.0,456,results_ewc_confirmation/combined_lambda_0_seed_456,False,cc505ec681369c5f9aa4c7123cfff11da878bce17c0669890d416b5eb07f1923,d7232c2f69f01be776098ca22d76d3b9bd8b98dfb464c251fcfd6df1ebebeb6e,True,confirmation
0659c40583bf015a54271308,combined,ewc_like,1.0,42,results_ewc_lambda_sweep/combined_lambda_1_seed_42,False,cc505ec681369c5f9aa4c7123cfff11da878bce17c0669890d416b5eb07f1923,ee9b77bcee95d5823b32e607f07201cb10108a87c907f904d2abdfb45453cc2e,True,exploratory_lambda
9aabddbd7b10647527446519,combined,ewc_like,10.0,42,results_ewc_lambda_sweep/combined_lambda_10_seed_42,True,cc505ec681369c5f9aa4c7123cfff11da878bce17c0669890d416b5eb07f1923,9c930f8f6f7651244b077f071f460593aca3fbff3bb5f0d6c8dea2a491386f1e,True,confirmation;exploratory_lambda
024ef8d9a9bc757e74ba57e6,combined,ewc_like,10.0,123,results_ewc_confirmation/combined_lambda_10_seed_123,False,cc505ec681369c5f9aa4c7123cfff11da878bce17c0669890d416b5eb07f1923,bd0bb240d35474a5f9403a1c983f54faf11adbc7a6251b6631dee0627a1aef25,True,confirmation
1a0b1c6cbfeeba5caa4dc2e4,combined,ewc_like,10.0,456,results_ewc_confirmation/combined_lambda_10_seed_456,False,cc505ec681369c5f9aa4c7123cfff11da878bce17c0669890d416b5eb07f1923,808c2eac8bf1ec7df97c7c16d54fdf24a383b187d36267fe5a1eb5b8e9a7f581,True,confirmation
3cd98ef3ae00086cee8c127e,combined,ewc_like,30.0,42,results_ewc_lambda_sweep/combined_lambda_30_seed_42,True,cc505ec681369c5f9aa4c7123cfff11da878bce17c0669890d416b5eb07f1923,72114917dbae28a0a139a37d0761a870d08681990638d559652caf0de86c6598,True,confirmation;exploratory_lambda
6ae0f47222234e36814c001c,combined,ewc_like,30.0,123,results_ewc_confirmation/combined_lambda_30_seed_123,False,cc505ec681369c5f9aa4c7123cfff11da878bce17c0669890d416b5eb07f1923,bef678c34b2aa0bcf49d6acfce1cf907e750d933d1dc7c4ef13486265f25239d,True,confirmation
203b18f47f22cf77c1c97653,combined,ewc_like,30.0,456,results_ewc_confirmation/combined_lambda_30_seed_456,False,cc505ec681369c5f9aa4c7123cfff11da878bce17c0669890d416b5eb07f1923,01bddaaa9a6f365909fa51b1d6431e091808a7e7404f0d02d289f0d69c4b4aff,True,confirmation
291c25f1339cd81e3876f799,combined,ewc_like,50.0,42,results_ewc_lambda_sweep/combined_lambda_50_seed_42,False,cc505ec681369c5f9aa4c7123cfff11da878bce17c0669890d416b5eb07f1923,11f10efe5a454e062da78b5130096ecff57a28b7df4a980b4cf2fda637469e4c,True,exploratory_lambda
104e1dd0e2b04e73815684c8,combined,ewc_like,100.0,42,results_abc_memory/runs/ewc_like/combined/seed42;results_ewc_lambda_sweep/combined_lambda_100_seed_42,True,cc505ec681369c5f9aa4c7123cfff11da878bce17c0669890d416b5eb07f1923,d4a472e90819aa6da5f7f1f53cd363e8c4c229f793c6a9e6755944442f6fe647,True,exploratory_lambda;mechanistic_control
3fe02c800ebf745dce35f8a0,combined,ewc_like,100.0,123,results_abc_memory/runs/ewc_like/combined/seed123,False,cc505ec681369c5f9aa4c7123cfff11da878bce17c0669890d416b5eb07f1923,98f5a786fc51e2d073136e3873ed1617f85f19c316052cf1ca388354fdf75f16,True,mechanistic_control
6ee2b26ed647fd0fa4c25ed2,combined,ewc_like,100.0,456,results_abc_memory/runs/ewc_like/combined/seed456,False,cc505ec681369c5f9aa4c7123cfff11da878bce17c0669890d416b5eb07f1923,9f46831d3a9172f2d2044d671ab8831ee84f9caa512429e762e872b1c9a6748f,True,mechanistic_control
c6fde0c42c0b2fcd47c08482,combined,ewc_like,300.0,42,results_ewc_lambda_sweep/combined_lambda_300_seed_42,False,cc505ec681369c5f9aa4c7123cfff11da878bce17c0669890d416b5eb07f1923,a435cebffd87eb7dcf48d10ec4aeeca5b00db3852ae751c82681d1bd6dc85901,True,exploratory_lambda
584891b5fb2ce1abef8b356a,combined,grow_unfrozen,,42,results_abc_memory/runs/grow_unfrozen/combined/seed42,False,cc505ec681369c5f9aa4c7123cfff11da878bce17c0669890d416b5eb07f1923,db88fca480872ae7701ad81c9b26963f3156fdb46cc62a758c95b1df4ba515cf,True,mechanistic_control
6fe5bfccde96abde4e443d71,combined,grow_unfrozen,,123,results_abc_memory/runs/grow_unfrozen/combined/seed123,False,cc505ec681369c5f9aa4c7123cfff11da878bce17c0669890d416b5eb07f1923,16ec8c6a4773567c136995062e2fdba59b7d10f9c2155d1d578a9a39235f9fca,True,mechanistic_control
30723004d9ed7b6400b5cacb,combined,grow_unfrozen,,456,results_abc_memory/runs/grow_unfrozen/combined/seed456,False,cc505ec681369c5f9aa4c7123cfff11da878bce17c0669890d416b5eb07f1923,abc9bd73fb0b11b416d25c5edd2e1dc6a50b661aec40c6793c474ff664575e02,True,mechanistic_control
4d14f951b0fb1e3220ffdf3b,combined,hard_consolidation,,42,results_abc_memory/runs/hard_consolidation/combined/seed42,False,cc505ec681369c5f9aa4c7123cfff11da878bce17c0669890d416b5eb07f1923,289a39bb6f32a1709cd95a2b173f44cc462e547b3f5de70bda2e4699ca81a60e,True,mechanistic_control
48c57425dce04e79ec75ed1a,combined,hard_consolidation,,123,results_abc_memory/runs/hard_consolidation/combined/seed123,False,cc505ec681369c5f9aa4c7123cfff11da878bce17c0669890d416b5eb07f1923,3c2312875372eb3557adcfd11358eadc294843cd89b44ef9ca398bdedfa7fb43,True,mechanistic_control
e330aa5070be0601609df1ec,combined,hard_consolidation,,456,results_abc_memory/runs/hard_consolidation/combined/seed456,False,cc505ec681369c5f9aa4c7123cfff11da878bce17c0669890d416b5eb07f1923,458523ade1f6b89de6be264ab51ae99d83031eaa0963c4b28d9acc2bd88e9c3e,True,mechanistic_control
4e64e22cd4caea1888996d10,combined,sequential_single,,42,results_abc_memory/runs/sequential_single/combined/seed42,False,cc505ec681369c5f9aa4c7123cfff11da878bce17c0669890d416b5eb07f1923,fedc8f35a5bb52c3c432f39b1e8ee3bfc65b45787322dd97d1f2cd783ca0f2dc,True,baseline
3c2bf4f448219f802002cf19,combined,sequential_single,,123,results_abc_memory/runs/sequential_single/combined/seed123,False,cc505ec681369c5f9aa4c7123cfff11da878bce17c0669890d416b5eb07f1923,582f8396416de8b5ec635bacf9cc58f97d5641fe6cd0bef63097885136a4c96f,True,baseline
c72e76cd693dce0c47657d0a,combined,sequential_single,,456,results_abc_memory/runs/sequential_single/combined/seed456,False,cc505ec681369c5f9aa4c7123cfff11da878bce17c0669890d416b5eb07f1923,accb96b9fad30c49101c97a48ab5766eb5183312de21cfe05567e437c1d202a0,True,baseline
ba708d366746bc458dafb99a,lora,ewc_like,0.0,42,results_ewc_lambda_sweep/lora_lambda_0_seed_42,True,cc505ec681369c5f9aa4c7123cfff11da878bce17c0669890d416b5eb07f1923,ceb688b3d8340b1484e02834fabfef5bd9ec25bf1a79347dbf5f158d1a57aadd,True,confirmation;exploratory_lambda
9dc7f3743b37a17ab717aa34,lora,ewc_like,0.0,123,results_ewc_confirmation/lora_lambda_0_seed_123,False,cc505ec681369c5f9aa4c7123cfff11da878bce17c0669890d416b5eb07f1923,d3b1797a023e80d4975d872cbf3e00de9a51a04e281e8dc5baf5f35a5bcf0a6c,True,confirmation
805f3127272e39c471bb1a94,lora,ewc_like,0.0,456,results_ewc_confirmation/lora_lambda_0_seed_456,False,cc505ec681369c5f9aa4c7123cfff11da878bce17c0669890d416b5eb07f1923,9ae953ee9cce78cbf8e5a6ea1859d48386876fdb1009c478b4237cf9ffb48c3a,True,confirmation
b67883d20750f2e7a925fdc5,lora,ewc_like,1.0,42,results_ewc_lambda_sweep/lora_lambda_1_seed_42,True,cc505ec681369c5f9aa4c7123cfff11da878bce17c0669890d416b5eb07f1923,cf2eeb57f1d1ff4ca7b190925a8e09dcc5de6285181f033444aed5131a8edd04,True,confirmation;exploratory_lambda
8c823e20cf6154a86ffac27b,lora,ewc_like,1.0,123,results_ewc_confirmation/lora_lambda_1_seed_123,False,cc505ec681369c5f9aa4c7123cfff11da878bce17c0669890d416b5eb07f1923,7a7e625312c43d22ee91ddeeb0ebad424162db3863c8fc40c2ad760b43a98038,True,confirmation
26f9af5214412b42c6fab10e,lora,ewc_like,1.0,456,results_ewc_confirmation/lora_lambda_1_seed_456,False,cc505ec681369c5f9aa4c7123cfff11da878bce17c0669890d416b5eb07f1923,4d4a9ae0f5eba98916991af5b478de89628eb5daa9fd78275bbb4d5c54180f4e,True,confirmation
5a7c5b90269865eb07dcf729,lora,ewc_like,10.0,42,results_ewc_lambda_sweep/lora_lambda_10_seed_42,True,cc505ec681369c5f9aa4c7123cfff11da878bce17c0669890d416b5eb07f1923,267519de02ef7971b4ab2098bd0c6c9e4042af2a2e4ba2b8ed775e51e8e45e7e,True,confirmation;exploratory_lambda
349b147d4dc952a6d61e2c6f,lora,ewc_like,10.0,123,results_ewc_confirmation/lora_lambda_10_seed_123,False,cc505ec681369c5f9aa4c7123cfff11da878bce17c0669890d416b5eb07f1923,5e22359b10768a56191e3aac899f6894c37b49cab67d2801c732541a6d09c7d9,True,confirmation
e230693b443f1a1eeac51b83,lora,ewc_like,10.0,456,results_ewc_confirmation/lora_lambda_10_seed_456,False,cc505ec681369c5f9aa4c7123cfff11da878bce17c0669890d416b5eb07f1923,8feecaf0d45a3d64e8cc832fd59921ba11229faed78f333982c010e22e12a689,True,confirmation
73aaa88ebf8795c305c5827e,lora,ewc_like,30.0,42,results_ewc_lambda_sweep/lora_lambda_30_seed_42,False,cc505ec681369c5f9aa4c7123cfff11da878bce17c0669890d416b5eb07f1923,db797d499c9f49894c7ba0621f40a5d7cafb1c65fe7694a1b27950e38bfd2759,True,exploratory_lambda
6dd9bea5269467cbc421f7fa,lora,ewc_like,50.0,42,results_ewc_lambda_sweep/lora_lambda_50_seed_42,False,cc505ec681369c5f9aa4c7123cfff11da878bce17c0669890d416b5eb07f1923,9be4cd31f19c2a7a54cbe9e57e945befcd5a8bf11776c8b0728771266c622bd8,True,exploratory_lambda
d58735a62810f8c72b35e90c,lora,ewc_like,100.0,42,results_abc_memory/runs/ewc_like/lora/seed42;results_ewc_lambda_sweep/lora_lambda_100_seed_42,True,cc505ec681369c5f9aa4c7123cfff11da878bce17c0669890d416b5eb07f1923,87d307af5bd7bea42670f4be5f5229e2cdf45f09485030362d44ee48a475eb20,True,exploratory_lambda;mechanistic_control
766614b233faf8765bce4039,lora,ewc_like,100.0,123,results_abc_memory/runs/ewc_like/lora/seed123,False,cc505ec681369c5f9aa4c7123cfff11da878bce17c0669890d416b5eb07f1923,2ab20f0f6d5c671e1b63d49286e09de4f31c8ee75d09f48803032821f6d08d5b,True,mechanistic_control
0551ea8ac895477e4d9d11ce,lora,ewc_like,100.0,456,results_abc_memory/runs/ewc_like/lora/seed456,False,cc505ec681369c5f9aa4c7123cfff11da878bce17c0669890d416b5eb07f1923,51a5922689911a9ec4fb88eecb1b890f874e5b4deada9c1b4612df2e0c8cc958,True,mechanistic_control
55e8c479e4cbc3111701116b,lora,ewc_like,300.0,42,results_ewc_lambda_sweep/lora_lambda_300_seed_42,False,cc505ec681369c5f9aa4c7123cfff11da878bce17c0669890d416b5eb07f1923,ad41289eb9ec3cd9fe35204d65bf68fe9e352fb458ccf06f810f60e4db131604,True,exploratory_lambda
6dec4a40ba40880a0760cc42,lora,grow_unfrozen,,42,results_abc_memory/runs/grow_unfrozen/lora/seed42,False,cc505ec681369c5f9aa4c7123cfff11da878bce17c0669890d416b5eb07f1923,2efb87e3fe23736a093593cdfd9c5a8031f6105d99e503e27cd2835d983ed109,True,mechanistic_control
801ac322484f480ddad6f2aa,lora,grow_unfrozen,,123,results_abc_memory/runs/grow_unfrozen/lora/seed123,False,cc505ec681369c5f9aa4c7123cfff11da878bce17c0669890d416b5eb07f1923,e68d97c2104d0416f771a796afe810613b91cd1ca48f5a105e8e0cdcc7516a7c,True,mechanistic_control
c8484a4247b0fac1e7f5945e,lora,grow_unfrozen,,456,results_abc_memory/runs/grow_unfrozen/lora/seed456,False,cc505ec681369c5f9aa4c7123cfff11da878bce17c0669890d416b5eb07f1923,3ca14f6ab4fb98c3a39dcc60caf4c1c0b03c8e411cabce3260398f7a34d3b41b,True,mechanistic_control
62b7a563be6f64e611ff2c07,lora,hard_consolidation,,42,results_abc_memory/runs/hard_consolidation/lora/seed42,False,cc505ec681369c5f9aa4c7123cfff11da878bce17c0669890d416b5eb07f1923,f8aac36b77d0974eb49125c55d2a056699c6975dafff4194d07ae494f93d3dbf,True,mechanistic_control
e56891dcbbba519d8fa0dab0,lora,hard_consolidation,,123,results_abc_memory/runs/hard_consolidation/lora/seed123,False,cc505ec681369c5f9aa4c7123cfff11da878bce17c0669890d416b5eb07f1923,3bb4118f8beb56537c6e39452df6b6d99a621ab092b3cd251eb36f253879db0f,True,mechanistic_control
af39aa8e52c027179ecc6d2e,lora,hard_consolidation,,456,results_abc_memory/runs/hard_consolidation/lora/seed456,False,cc505ec681369c5f9aa4c7123cfff11da878bce17c0669890d416b5eb07f1923,0f2974b27d1e482a5895b6e204f22487b0a1d7e784e0fac2b33aaddb02dcfd32,True,mechanistic_control
22cfb61f372235d4fa4ed91f,lora,sequential_single,,42,results_abc_memory/runs/sequential_single/lora/seed42,False,cc505ec681369c5f9aa4c7123cfff11da878bce17c0669890d416b5eb07f1923,4906932e59e855dc25e4e423e3e3f87988b289ec8a4ccd74b8dbdba11a05e1f2,True,baseline
5515e13db8882e3f645e0115,lora,sequential_single,,123,results_abc_memory/runs/sequential_single/lora/seed123,False,cc505ec681369c5f9aa4c7123cfff11da878bce17c0669890d416b5eb07f1923,577121ba5e197f95cb0444b663ed0ee982fb1053cdb3c7df89ed00b856872df7,True,baseline
ff7d542e97b59b8fa05cb50f,lora,sequential_single,,456,results_abc_memory/runs/sequential_single/lora/seed456,False,cc505ec681369c5f9aa4c7123cfff11da878bce17c0669890d416b5eb07f1923,d34e54e512f16ee028c32bf4e9450017b1087d634415121b3f4b30c0cceea301,True,baseline
50af38603bb410ea320e8124,symmetric,ewc_like,0.0,42,results_ewc_lambda_sweep/symmetric_lambda_0_seed_42,True,cc505ec681369c5f9aa4c7123cfff11da878bce17c0669890d416b5eb07f1923,7106d2babb8ffefa2996acd2cfff3e44c8ca90518603c27a7a754506607cff71,True,confirmation;exploratory_lambda
627c367ae9601d2ea6e2cc7f,symmetric,ewc_like,0.0,123,results_ewc_confirmation/symmetric_lambda_0_seed_123,False,cc505ec681369c5f9aa4c7123cfff11da878bce17c0669890d416b5eb07f1923,c172ea66be21607d8b6196e438e99e721a75c6e11484d10263543e905d49eae0,True,confirmation
8d61ca0bb8be4178db568d73,symmetric,ewc_like,0.0,456,results_ewc_confirmation/symmetric_lambda_0_seed_456,False,cc505ec681369c5f9aa4c7123cfff11da878bce17c0669890d416b5eb07f1923,73bcc45c5506f22b5b356d3b982f61e1f229ad02222aabd40e553d1638d35d94,True,confirmation
da337ad32d573c9d99668c63,symmetric,ewc_like,1.0,42,results_ewc_lambda_sweep/symmetric_lambda_1_seed_42,False,cc505ec681369c5f9aa4c7123cfff11da878bce17c0669890d416b5eb07f1923,e5bee0b731df7c3a757c64b4a577e3597c8b479a05446abe1c3cb4df810af8b3,True,exploratory_lambda
74eb412d168e9a2432c0a66e,symmetric,ewc_like,10.0,42,results_ewc_lambda_sweep/symmetric_lambda_10_seed_42,True,cc505ec681369c5f9aa4c7123cfff11da878bce17c0669890d416b5eb07f1923,b7fc31f08f3d80be4b57baeabdc1c519c7efec9a0ef5ca6183a3f1d8b1e3130f,True,confirmation;exploratory_lambda
748a02464544bbce9e7e87ca,symmetric,ewc_like,10.0,123,results_ewc_confirmation/symmetric_lambda_10_seed_123,False,cc505ec681369c5f9aa4c7123cfff11da878bce17c0669890d416b5eb07f1923,1b865a8a44b05a28d8771ebaaf27451e49723055ca8325fbb1841aed7cc327b9,True,confirmation
696eb55785498d5463d2bd89,symmetric,ewc_like,10.0,456,results_ewc_confirmation/symmetric_lambda_10_seed_456,False,cc505ec681369c5f9aa4c7123cfff11da878bce17c0669890d416b5eb07f1923,122bfb70731d87e939bc21a736e3dd0398cb18f01b1d7e1303cb9667f9486e1e,True,confirmation
ce99179bd6c1c05fbc51aca0,symmetric,ewc_like,30.0,42,results_ewc_lambda_sweep/symmetric_lambda_30_seed_42,True,cc505ec681369c5f9aa4c7123cfff11da878bce17c0669890d416b5eb07f1923,0124e17e68bf00c25f36248f2934892a9f0d2149193374b31e272b3859ae9639,True,confirmation;exploratory_lambda
28279e69b073d8d31a6dbb9c,symmetric,ewc_like,30.0,123,results_ewc_confirmation/symmetric_lambda_30_seed_123,False,cc505ec681369c5f9aa4c7123cfff11da878bce17c0669890d416b5eb07f1923,9dccc09f342c041a876e4fbeec1e0015ca02f3cb5f2968b53a0171d4c3ec8886,True,confirmation
e319052e864f90d9264b0774,symmetric,ewc_like,30.0,456,results_ewc_confirmation/symmetric_lambda_30_seed_456,False,cc505ec681369c5f9aa4c7123cfff11da878bce17c0669890d416b5eb07f1923,e32a6b019214235b986150e135987f7bf79a262ca30200d8b049b640cd379de4,True,confirmation
8b9d367b07cc995a73a2f86b,symmetric,ewc_like,50.0,42,results_ewc_lambda_sweep/symmetric_lambda_50_seed_42,False,cc505ec681369c5f9aa4c7123cfff11da878bce17c0669890d416b5eb07f1923,73cbcf1a4a5a8554bb43b605e4003b10322310991a940c98b7e0633f18176726,True,exploratory_lambda
a446b4695fc5f68233306f47,symmetric,ewc_like,100.0,42,results_abc_memory/runs/ewc_like/symmetric/seed42;results_ewc_lambda_sweep/symmetric_lambda_100_seed_42,True,cc505ec681369c5f9aa4c7123cfff11da878bce17c0669890d416b5eb07f1923,858087d0680ca0407bd16336e9b3d0a89e0fc073107d947fbf40f7a472623d2c,True,exploratory_lambda;mechanistic_control
37cbfbcb2692ab73b1f54b33,symmetric,ewc_like,100.0,123,results_abc_memory/runs/ewc_like/symmetric/seed123,False,cc505ec681369c5f9aa4c7123cfff11da878bce17c0669890d416b5eb07f1923,080a0e87d6270e323296ff2de59ac1e65a144e46390580fe5156d51bb003b947,True,mechanistic_control
9bf9db0f74f1bb145cd44de1,symmetric,ewc_like,100.0,456,results_abc_memory/runs/ewc_like/symmetric/seed456,False,cc505ec681369c5f9aa4c7123cfff11da878bce17c0669890d416b5eb07f1923,985fc482f65558d564edb4b5f58714ea028d7718a1b02464b0ef2afa0057ec47,True,mechanistic_control
b11996f3446604da92a903f2,symmetric,ewc_like,300.0,42,results_ewc_lambda_sweep/symmetric_lambda_300_seed_42,False,cc505ec681369c5f9aa4c7123cfff11da878bce17c0669890d416b5eb07f1923,6a55ddb3db7474af4101185270269b3c0d02c4a96ce8b1956bf24751a93f0e90,True,exploratory_lambda
faaa62b9b7bc38bcba07d942,symmetric,grow_unfrozen,,42,results_abc_memory/runs/grow_unfrozen/symmetric/seed42,False,cc505ec681369c5f9aa4c7123cfff11da878bce17c0669890d416b5eb07f1923,b1c0e0e2c8496bd14a12340aecb67d4551f2e14cb6d775d47218cc1c7330c351,True,mechanistic_control
a88672faeda2881c5af61fd9,symmetric,grow_unfrozen,,123,results_abc_memory/runs/grow_unfrozen/symmetric/seed123,False,cc505ec681369c5f9aa4c7123cfff11da878bce17c0669890d416b5eb07f1923,a1c626cf0ab9c3c84ce133358f1e77f89856985d18e3883cf9ebd2157820af18,True,mechanistic_control
95f21f2f8d2ae18a66b6e7cf,symmetric,grow_unfrozen,,456,results_abc_memory/runs/grow_unfrozen/symmetric/seed456,False,cc505ec681369c5f9aa4c7123cfff11da878bce17c0669890d416b5eb07f1923,151a635ef4823566aa2d7c02637caf2ecb120cdceeb5830ed4b095e6038d8b0a,True,mechanistic_control
ad7cbe9762735ae50c19fb64,symmetric,hard_consolidation,,42,results_abc_memory/runs/hard_consolidation/symmetric/seed42,False,cc505ec681369c5f9aa4c7123cfff11da878bce17c0669890d416b5eb07f1923,533839c574fdf33ddc0b88d19b8f5cb43dbd06a28b9c5ae73a30ba5ff238f5b8,True,mechanistic_control
bd75c29eeb2efc9d2ebf7de8,symmetric,hard_consolidation,,123,results_abc_memory/runs/hard_consolidation/symmetric/seed123,False,cc505ec681369c5f9aa4c7123cfff11da878bce17c0669890d416b5eb07f1923,9ef537efe1a3763c14c9a8215c21e8b2201e5eeeec24ba6b4fbe24a271833546,True,mechanistic_control
301f60fd61571ced9638f7e0,symmetric,hard_consolidation,,456,results_abc_memory/runs/hard_consolidation/symmetric/seed456,False,cc505ec681369c5f9aa4c7123cfff11da878bce17c0669890d416b5eb07f1923,6263308f6e398330f3563b86b264deeb3d1babebe6a467a7e103df0acd3c4634,True,mechanistic_control
f3df781a4372023fa5a00339,symmetric,sequential_single,,42,results_abc_memory/runs/sequential_single/symmetric/seed42,False,cc505ec681369c5f9aa4c7123cfff11da878bce17c0669890d416b5eb07f1923,0862b360816ff19ae5177e9d223fefc5b32541de740247768c3ba5ca29cbeecb,True,baseline
a75bc550db8e1dab8c6965ad,symmetric,sequential_single,,123,results_abc_memory/runs/sequential_single/symmetric/seed123,False,cc505ec681369c5f9aa4c7123cfff11da878bce17c0669890d416b5eb07f1923,e156a86921b576e51835a99cdabed7c34d283c04ded68a5820bda7f2e6ef2b61,True,baseline
287cc75ce8714995ca176afd,symmetric,sequential_single,,456,results_abc_memory/runs/sequential_single/symmetric/seed456,False,cc505ec681369c5f9aa4c7123cfff11da878bce17c0669890d416b5eb07f1923,989b4d264fe4df79f2d0ec9c1fd339a70263c6e517c95c5909fb2e1af0b15f91,True,baseline
