experiment_family,architecture,budget,layers,local_rank,total_rank,trainable_parameters,steps,seed,final_val_loss,perplexity,AULC,training_time,tokens_per_second,peak_vram,valid,result_directory
local_rank_depth_6144,lora,6144,"0,11",2,4,6144,2000,42,3.3651299476623535,28.937257383689698,3.4789848407506945,309.35262678200024,3310.138370738999,348.3662109375,True,results_local_rank/budget6144_2000/two_distributed_lora_seed42
local_rank_depth_6144,lora,6144,2,4,4,6144,2000,42,3.494974136352539,32.94943574939385,3.5873429553508758,298.775423873,3427.323394695509,348.3662109375,True,results_local_rank/budget6144_2000/concentrated_lora_seed42
local_rank_depth_6144,lora,6144,"0,11",2,4,6144,2000,456,3.370065212249756,29.08042339579766,3.4752925419807434,308.9685208189999,3314.253495099199,348.3662109375,True,results_local_rank/budget6144_2000/two_distributed_lora_seed456
local_rank_depth_6144,lora,6144,"0,3,7,11",1,4,6144,2000,42,3.313256025314331,27.47443745581121,3.4278759630918505,318.8455452930002,3211.586346796862,348.3662109375,True,results_local_rank/budget6144_2000/four_distributed_lora_seed42
local_rank_depth_6144,symmetric_quadratic,6144,"0,11",2,4,6144,2000,456,3.404662847518921,30.1041443257792,3.5025953989028933,312.5452479759997,3276.325609271886,348.3662109375,True,results_local_rank/budget6144_2000/two_distributed_symmetric_quadratic_seed456
local_rank_depth_6144,lora,6144,"0,3,7,11",1,4,6144,2000,456,3.3205885887145996,27.67663592091747,3.425501817703247,314.606386839,3254.860812867199,348.3662109375,True,results_local_rank/budget6144_2000/four_distributed_lora_seed456
local_rank_depth_6144,symmetric_quadratic,6144,2,4,4,6144,2000,42,3.375500202178955,29.238905488260706,3.500813460826874,303.95830201399986,3368.8831435597244,348.3662109375,True,results_local_rank/budget6144_2000/concentrated_symmetric_quadratic_seed42
local_rank_depth_6144,lora,6144,2,4,4,6144,2000,456,3.519631862640381,33.771993442597015,3.5939799770116805,302.3625929880001,3386.6623178504083,348.3662109375,True,results_local_rank/budget6144_2000/concentrated_lora_seed456
local_rank_depth_6144,symmetric_quadratic,6144,"0,3,7,11",1,4,6144,2000,42,3.3872504234313965,29.584495500253087,3.514296981692314,322.263736203,3177.5216537394176,348.3662109375,True,results_local_rank/budget6144_2000/four_distributed_symmetric_quadratic_seed42
local_rank_depth_6144,symmetric_quadratic,6144,2,4,4,6144,2000,123,3.3604509830474854,28.802177244375194,3.4903472212553024,304.03121318500007,3368.0752356729436,348.3662109375,True,results_local_rank/budget6144_2000/concentrated_symmetric_quadratic_seed123
local_rank_depth_6144,symmetric_quadratic,6144,"0,3,7,11",1,4,6144,2000,123,3.387441635131836,29.590152942811706,3.4909140681028368,322.16014205299996,3178.5434209038103,348.3662109375,True,results_local_rank/budget6144_2000/four_distributed_symmetric_quadratic_seed123
local_rank_depth_6144,lora,6144,"0,11",2,4,6144,2000,123,3.3631491661071777,28.879995728144426,3.453990311384201,308.59721635899996,3318.2412080112595,348.3662109375,True,results_local_rank/budget6144_2000/two_distributed_lora_seed123
local_rank_depth_6144,symmetric_quadratic,6144,"0,11",2,4,6144,2000,123,3.362185478210449,28.85217783184149,3.4515995621681212,312.2834150089998,3279.0726333336947,348.3662109375,True,results_local_rank/budget6144_2000/two_distributed_symmetric_quadratic_seed123
local_rank_depth_6144,lora,6144,2,4,4,6144,2000,123,3.4971797466278076,33.02218956723722,3.5886418795585633,301.645672925,3394.7113846204697,348.3662109375,True,results_local_rank/budget6144_2000/concentrated_lora_seed123
local_rank_depth_6144,symmetric_quadratic,6144,"0,3,7,11",1,4,6144,2000,456,3.3635270595550537,28.890911351646178,3.4688435053825377,322.8206215619998,3172.0402341252975,348.3662109375,True,results_local_rank/budget6144_2000/four_distributed_symmetric_quadratic_seed456
local_rank_depth_6144,lora,6144,"0,3,7,11",1,4,6144,2000,123,3.3258628845214844,27.822996320434537,3.4353640072345732,318.91514863500015,3210.885416960775,348.3662109375,True,results_local_rank/budget6144_2000/four_distributed_lora_seed123
local_rank_depth_6144,symmetric_quadratic,6144,"0,11",2,4,6144,2000,42,3.3522448539733887,28.566789990311662,3.4580121581554413,312.5690586999999,3276.0760270351107,348.3662109375,True,results_local_rank/budget6144_2000/two_distributed_symmetric_quadratic_seed42
local_rank_depth_6144,symmetric_quadratic,6144,2,4,4,6144,2000,456,3.3874220848083496,29.589574451404527,3.5101102510690687,304.35916665000013,3364.446063086891,348.3662109375,True,results_local_rank/budget6144_2000/concentrated_symmetric_quadratic_seed456
local_rank_depth_12288,lora,12288,"0,11",4,8,12288,2000,42,3.3184094429016113,27.616390161620497,3.4337147055864334,307.44377065200024,3330.6903497455455,348.4599609375,True,results_local_rank/budget12288_2000/two_distributed_lora_seed42
local_rank_depth_12288,lora,12288,2,8,8,12288,2000,42,3.496293067932129,32.992922472435495,3.5866977384090424,300.06235807800005,3412.623984424648,348.4599609375,True,results_local_rank/budget12288_2000/concentrated_lora_seed42
local_rank_depth_12288,lora,12288,"0,11",4,8,12288,2000,456,3.3060665130615234,27.27761801675203,3.42973990046978,308.03911517200004,3324.253153461463,348.4599609375,True,results_local_rank/budget12288_2000/two_distributed_lora_seed456
local_rank_depth_12288,lora,12288,"0,3,7,11",2,8,12288,2000,42,3.264742374420166,26.173367193273506,3.392846531033516,317.4077731330008,3226.1339723741476,348.4599609375,True,results_local_rank/budget12288_2000/four_distributed_lora_seed42
local_rank_depth_12288,symmetric_quadratic,12288,"0,11",4,8,12288,2000,456,3.2143285274505615,24.886575647140628,3.3725623067617416,310.5252069660005,3297.6388938116643,348.4599609375,True,results_local_rank/budget12288_2000/two_distributed_symmetric_quadratic_seed456
local_rank_depth_12288,lora,12288,"0,3,7,11",2,8,12288,2000,456,3.249555826187134,25.778887067293226,3.3764006962776185,317.33445569300056,3226.879343321767,348.4599609375,True,results_local_rank/budget12288_2000/four_distributed_lora_seed456
local_rank_depth_12288,symmetric_quadratic,12288,2,8,8,12288,2000,42,3.327813148498535,27.877311455101406,3.4577329627275466,303.10998105199997,3378.3117152593136,348.4599609375,True,results_local_rank/budget12288_2000/concentrated_symmetric_quadratic_seed42
local_rank_depth_12288,lora,12288,2,8,8,12288,2000,456,3.5018935203552246,33.178216144927674,3.589073005437851,301.26341046699997,3399.0188135115986,348.4599609375,True,results_local_rank/budget12288_2000/concentrated_lora_seed456
local_rank_depth_12288,symmetric_quadratic,12288,"0,3,7,11",2,8,12288,2000,42,3.2506113052368164,25.80611050687463,3.36523025906086,324.32335645400053,3157.3427556865954,348.4599609375,True,results_local_rank/budget12288_2000/four_distributed_symmetric_quadratic_seed42
local_rank_depth_12288,symmetric_quadratic,12288,2,8,8,12288,2000,123,3.3529670238494873,28.587427516502444,3.477664219379425,303.2504186230001,3376.747193457409,348.4599609375,True,results_local_rank/budget12288_2000/concentrated_symmetric_quadratic_seed123
local_rank_depth_12288,symmetric_quadratic,12288,"0,3,7,11",2,8,12288,2000,123,3.2459287643432617,25.6855548128833,3.3495028389692307,322.096552877,3179.170937576094,348.4599609375,True,results_local_rank/budget12288_2000/four_distributed_symmetric_quadratic_seed123
local_rank_depth_12288,lora,12288,"0,11",4,8,12288,2000,123,3.3227481842041016,27.736470845378257,3.4282000658512115,307.4507498429998,3330.614742435682,348.4599609375,True,results_local_rank/budget12288_2000/two_distributed_lora_seed123
local_rank_depth_12288,symmetric_quadratic,12288,"0,11",4,8,12288,2000,123,3.268220901489258,26.264570494155585,3.3874681354761123,310.6517341810004,3296.295778614161,348.4599609375,True,results_local_rank/budget12288_2000/two_distributed_symmetric_quadratic_seed123
local_rank_depth_12288,lora,12288,2,8,8,12288,2000,123,3.505793571472168,33.30786553915941,3.5930088189840315,301.314750926,3398.4396610290232,348.4599609375,True,results_local_rank/budget12288_2000/concentrated_lora_seed123
local_rank_depth_12288,symmetric_quadratic,12288,"0,3,7,11",2,8,12288,2000,456,3.2101433277130127,24.78263800887529,3.344800989627838,323.117539189,3169.12539805224,348.4599609375,True,results_local_rank/budget12288_2000/four_distributed_symmetric_quadratic_seed456
local_rank_depth_12288,lora,12288,"0,3,7,11",2,8,12288,2000,123,3.2589614391326904,26.022497156396778,3.368700056910515,317.25345573100003,3227.703218048638,348.4599609375,True,results_local_rank/budget12288_2000/four_distributed_lora_seed123
local_rank_depth_12288,symmetric_quadratic,12288,"0,11",4,8,12288,2000,42,3.2345590591430664,25.395171541007315,3.3721564167737963,311.01605627900017,3292.434520105323,348.4599609375,True,results_local_rank/budget12288_2000/two_distributed_symmetric_quadratic_seed42
local_rank_depth_12288,symmetric_quadratic,12288,2,8,8,12288,2000,456,3.336660861968994,28.125056290680362,3.4607119607925414,302.8531260500001,3381.1769201647294,348.4599609375,True,results_local_rank/budget12288_2000/concentrated_symmetric_quadratic_seed456
local_rank_depth_12288,lora,12288,"0,11",4,8,12288,1000,42,3.402294874191284,30.032942849833045,3.5040538363456726,153.75349388400014,3330.005628270667,348.4599609375,True,results_local_rank/budget12288_screen1000/two_distributed_lora_seed42
local_rank_depth_12288,lora,12288,2,8,8,12288,1000,42,3.5694336891174316,35.49648541256807,3.6449352519512175,150.5106264980002,3401.753164629893,348.4599609375,True,results_local_rank/budget12288_screen1000/concentrated_lora_seed42
local_rank_depth_12288,lora,12288,"0,3,7,11",2,8,12288,1000,42,3.3470702171325684,28.419349032111317,3.4711076078414917,158.66370527599975,3226.950984847873,348.4599609375,True,results_local_rank/budget12288_screen1000/four_distributed_lora_seed42
local_rank_depth_12288,symmetric_quadratic,12288,2,8,8,12288,1000,42,3.4238228797912598,30.686501881865585,3.5495233447551726,151.64921989000004,3376.2125540202796,348.4599609375,True,results_local_rank/budget12288_screen1000/concentrated_symmetric_quadratic_seed42
local_rank_depth_12288,symmetric_quadratic,12288,"0,3,7,11",2,8,12288,1000,42,3.323427677154541,27.75532398635056,3.4326994302272795,160.50722520600002,3189.8875539271403,348.4599609375,True,results_local_rank/budget12288_screen1000/four_distributed_symmetric_quadratic_seed42
local_rank_depth_12288,symmetric_quadratic,12288,"0,11",4,8,12288,1000,42,3.315688133239746,27.54133957650479,3.453068902254105,155.32087098600005,3296.401808396693,348.4599609375,True,results_local_rank/budget12288_screen1000/two_distributed_symmetric_quadratic_seed42
multilayer_screen,lora,6144,"0,3,7,11",1,4,6144,1000,42,3.3962225914001465,29.851126905382916,3.4944544570446014,159.80819681699722,3203.8406677369103,348.3662109375,True,results_multilayer/screen/distributed_four_lora_seed42
multilayer_screen,symmetric_quadratic,6144,"0,11",2,4,6144,1000,42,3.414877414703369,30.413220985327776,3.526114380121231,156.81671870500213,3264.9579982805,348.3662109375,True,results_multilayer/screen/distributed_two_symmetric_quadratic_seed42
multilayer_screen,lora,6144,"0,11",2,4,6144,1000,42,3.4368948936462402,31.090269538273102,3.549990939617157,155.06788241200047,3301.7797885423183,348.3662109375,True,results_multilayer/screen/distributed_two_lora_seed42
multilayer_screen,lora,6144,2,4,4,6144,1000,42,3.57435941696167,35.67176276902187,3.6429216480255127,149.96878770900003,3414.043734176785,348.3662109375,True,results_multilayer/screen/concentrated_layer2_lora_seed42
multilayer_screen,symmetric_quadratic,6144,2,4,4,6144,1000,42,3.4806594848632812,32.48113583148689,3.5799780778884887,151.88017757200214,3371.0784921704158,348.3662109375,True,results_multilayer/screen/concentrated_layer2_symmetric_quadratic_seed42
multilayer_screen,symmetric_quadratic,6144,"0,3,7,11",1,4,6144,1000,42,3.479246139526367,32.43526119560952,3.5796048119068145,163.4717203509972,3132.0402018200007,348.3662109375,True,results_multilayer/screen/distributed_four_symmetric_quadratic_seed42
long_convergence_5000,lora,12288,"0,11",4,8,12288,5000,42,3.189830780029297,24.284317703848995,3.329700091123581,792.1924658320004,3231.537928489839,348.4599609375,True,results_long_convergence_5000/budget12288_5000/two_distributed_lora_seed42
long_convergence_5000,lora,12288,2,8,8,12288,5000,42,3.354520797729492,28.63188044062708,3.4862523169994355,765.5772898680007,3343.881844302605,348.4599609375,True,results_long_convergence_5000/budget12288_5000/concentrated_lora_seed42
long_convergence_5000,lora,12288,"0,11",4,8,12288,5000,456,3.190239667892456,24.294249296938766,3.331702973461151,790.9582560590006,3236.580414186915,348.4599609375,True,results_long_convergence_5000/budget12288_5000/two_distributed_lora_seed456
long_convergence_5000,lora,12288,"0,3,7,11",2,8,12288,5000,42,3.1647167205810547,23.682034449574218,3.292609123277664,834.4956622690001,3067.7211587167994,348.4599609375,True,results_long_convergence_5000/budget12288_5000/four_distributed_lora_seed42
long_convergence_5000,symmetric_quadratic,12288,"0,11",4,8,12288,5000,456,3.1407241821289062,23.120604325965747,3.273617589187622,799.7685927169987,3200.925896956129,348.4599609375,True,results_long_convergence_5000/budget12288_5000/two_distributed_symmetric_quadratic_seed456
long_convergence_5000,lora,12288,"0,3,7,11",2,8,12288,5000,456,3.1301398277282715,22.877178182660845,3.2690928841590883,835.207245521,3065.1075092183605,348.4599609375,True,results_long_convergence_5000/budget12288_5000/four_distributed_lora_seed456
long_convergence_5000,symmetric_quadratic,12288,2,8,8,12288,5000,42,3.251229763031006,25.822075433363064,3.3611759083271027,768.8896097309989,3329.476647363765,348.4599609375,True,results_long_convergence_5000/budget12288_5000/concentrated_symmetric_quadratic_seed42
long_convergence_5000,lora,12288,2,8,8,12288,5000,456,3.362318992614746,28.85603027034967,3.4916200457572937,766.3990740359986,3340.29631131803,348.4599609375,True,results_long_convergence_5000/budget12288_5000/concentrated_lora_seed456
long_convergence_5000,symmetric_quadratic,12288,"0,3,7,11",2,8,12288,5000,42,3.172410488128662,23.86494123658604,3.2845568875789644,853.3590293710004,2999.909665087791,348.4599609375,True,results_long_convergence_5000/budget12288_5000/four_distributed_symmetric_quadratic_seed42
long_convergence_5000,symmetric_quadratic,12288,2,8,8,12288,5000,123,3.255617141723633,25.935615546526822,3.3785573701381684,769.7350503090001,3325.8197076673605,348.4599609375,True,results_long_convergence_5000/budget12288_5000/concentrated_symmetric_quadratic_seed123
long_convergence_5000,symmetric_quadratic,12288,"0,3,7,11",2,8,12288,5000,123,3.1759119033813477,23.948648767728884,3.2802203668117524,852.4975120170002,3002.94131526914,348.4599609375,True,results_long_convergence_5000/budget12288_5000/four_distributed_symmetric_quadratic_seed123
long_convergence_5000,lora,12288,"0,11",4,8,12288,5000,123,3.2208542823791504,25.04951039873401,3.3406861533641816,790.9621857560014,3236.5643340498673,348.4599609375,True,results_long_convergence_5000/budget12288_5000/two_distributed_lora_seed123
long_convergence_5000,symmetric_quadratic,12288,"0,11",4,8,12288,5000,123,3.1495885848999023,23.326465746285415,3.2865490938186643,801.3364260609997,3194.6632110358187,348.4599609375,True,results_long_convergence_5000/budget12288_5000/two_distributed_symmetric_quadratic_seed123
long_convergence_5000,lora,12288,2,8,8,12288,5000,123,3.3562850952148438,28.682440183387904,3.4914634100437163,766.0133684189987,3341.9782285049046,348.4599609375,True,results_long_convergence_5000/budget12288_5000/concentrated_lora_seed123
long_convergence_5000,symmetric_quadratic,12288,"0,3,7,11",2,8,12288,5000,456,3.118884325027466,22.62112773327026,3.2558426463127135,851.717166288,3005.69261877993,348.4599609375,True,results_long_convergence_5000/budget12288_5000/four_distributed_symmetric_quadratic_seed456
long_convergence_5000,lora,12288,"0,3,7,11",2,8,12288,5000,123,3.166264772415161,23.718723857664926,3.2818277453899385,835.6495267319997,3063.4852508221607,348.4599609375,True,results_long_convergence_5000/budget12288_5000/four_distributed_lora_seed123
long_convergence_5000,symmetric_quadratic,12288,"0,11",4,8,12288,5000,42,3.165581226348877,23.702516557124056,3.286457740497589,799.6641797789998,3201.3438449969053,348.4599609375,True,results_long_convergence_5000/budget12288_5000/two_distributed_symmetric_quadratic_seed42
long_convergence_5000,symmetric_quadratic,12288,2,8,8,12288,5000,456,3.2608437538146973,26.071525814061673,3.3675124604701994,769.4774088779996,3326.933280254219,348.4599609375,True,results_long_convergence_5000/budget12288_5000/concentrated_symmetric_quadratic_seed456
historical,quadratic,,0,4,4,6144,20,42,3.8297276496887207,46.04999479577029,3.8311740159988403,4.9543912999999975,2066.853298406205,348.3662109375,True,results/quadratic/r4_seed42
historical,quadratic,,0,4,4,6144,500,456,3.6288013458251953,37.66763907363466,3.734415229797363,77.38527225399997,3308.123012861373,348.3662109375,True,results/quadratic/r456_steps500_final
historical,quadratic,,0,4,4,6144,50,42,3.821232795715332,45.6604636620149,3.8292993116378784,12.366949101000046,2070.0335863701316,348.3662109375,True,results/quadratic/speed50_seed42
historical,quadratic,,0,4,4,6144,500,123,3.634280204772949,37.87458114054798,3.719659429073334,77.19792515199998,3316.1513019416657,348.3662109375,True,results/quadratic/r123_steps500_final
historical,quadratic,,0,4,4,6144,500,42,3.642279624938965,38.17877087735215,3.7321427392959596,76.83862051799997,3331.6579380811536,348.3662109375,True,results/quadratic/r42_steps500_final
historical,baseline,,0,,,0,500,42,3.829357147216797,46.03293631916539,3.829357147216797,47.44001131900018,0.0,325.34326171875,True,results/baseline/r42_steps500
historical,baseline,,0,,,0,500,123,3.829357147216797,46.03293631916539,3.829357147216797,47.41674823199992,0.0,325.34326171875,True,results/baseline/r123_steps500
historical,baseline,,0,,,0,500,456,3.829357147216797,46.03293631916539,3.829357147216797,47.5153845289999,0.0,325.34326171875,True,results/baseline/r456_steps500
historical,baseline,,0,,,0,50,42,3.829357147216797,46.03293631916539,3.829357147216797,4.700330971999847,0.0,325.34326171875,True,results/baseline/speed50_seed42
historical,baseline,,0,,,0,20,42,3.829357147216797,46.03293631916539,3.829357147216797,1.8782716419999588,0.0,325.34326171875,True,results/baseline/seed42
historical,lora,,0,4,4,6144,20,42,3.8279619216918945,45.96875477570212,3.8298614025115967,4.920076513000026,2081.268446322624,348.3662109375,True,results/lora/r4_seed42
historical,lora,,0,4,4,6144,500,42,3.5686259269714355,35.46782427258627,3.664801760673523,123.56733517800012,2071.7449286352994,348.3662109375,True,results/lora/r42_steps500
historical,lora,,0,4,4,6144,500,456,3.56811261177063,35.44962277120098,3.6799979457855225,75.49843070100002,3390.7989559921957,348.3662109375,True,results/lora/r456_steps500_final
historical,lora,,0,4,4,6144,50,42,3.8000783920288086,44.70468884719831,3.8212461853027344,12.201127471000063,2098.166752281435,348.3662109375,True,results/lora/speed50_seed42
historical,lora,,0,4,4,6144,500,123,3.5828969478607178,35.977615300823736,3.675680027961731,74.98611340200002,3413.9654448762512,348.3662109375,True,results/lora/r123_steps500_final
historical,signed_quadratic,,0,4,4,6144,20,42,3.8276193141937256,45.953008233230264,3.830402433872223,4.982642432000034,2055.134427113539,348.3662109375,True,results/signed_quadratic/r4_seed42
historical,signed_quadratic,,0,4,4,6144,500,456,3.6337599754333496,37.854882796486145,3.7466187143325804,76.05275186099999,3366.084641721917,348.3662109375,True,results/signed_quadratic/r456_steps500_final
historical,signed_quadratic,,0,4,4,6144,50,42,3.8128652572631836,45.27999200211534,3.8259708309173583,12.371993217999943,2069.1896244135264,348.3662109375,True,results/signed_quadratic/speed50_seed42
historical,signed_quadratic,,0,4,4,6144,500,123,3.626218318939209,37.570468100820776,3.7126990213394166,76.13655642699999,3362.3795455663108,348.3662109375,True,results/signed_quadratic/r123_steps500_final
historical,signed_quadratic,,0,4,4,6144,500,42,3.6172468662261963,37.23491387791228,3.7113410534858704,75.941597378,3371.01152515607,348.3662109375,True,results/signed_quadratic/r42_steps500_final
historical,feature_interaction,,0,3,3,6912,20,42,3.8283982276916504,45.98881559522179,3.8313154101371767,4.990026268000065,2052.093405933924,348.3779296875,True,results/feature_interaction/r3_seed42
historical,feature_interaction,,0,3,3,6912,500,456,3.571742057800293,35.57851903333986,3.6660010414123536,76.58718630600004,3342.5957049416284,348.3779296875,True,results/feature_interaction/r456_steps500_final
historical,feature_interaction,,0,3,3,6912,50,42,3.7657742500305176,43.197138301303546,3.8109680366516114,12.427848871999913,2059.889870215359,348.3779296875,True,results/feature_interaction/speed50_seed42
historical,feature_interaction,,0,3,3,6912,500,123,3.5885396003723145,36.18119831610313,3.7043298983573916,76.522163804,3345.435979250475,348.3779296875,True,results/feature_interaction/r123_steps500_final
historical,feature_interaction,,0,3,3,6912,500,42,3.5139856338500977,33.581846353057415,3.6608551239967344,76.48866736599996,3346.901035352523,348.3779296875,True,results/feature_interaction/r42_steps500_final
depth_scan,symmetric_quadratic,,6,4,4,6144,20,42,3.8205320835113525,45.62848002485866,3.8292203068733217,3.1797870859991235,3220.341401186137,348.3662109375,True,results_depth/screen/attn_layer6_symmetric_quadratic
depth_scan,lora,,9,4,4,6144,20,42,3.827272415161133,45.93706994377786,3.829222333431244,3.1645137820014497,3235.88415327537,348.3662109375,True,results_depth/screen/attn_layer9_lora
depth_scan,symmetric_quadratic,,0,4,4,6144,20,42,3.825410842895508,45.85163431537736,3.828298234939575,3.188283905001299,3211.759148530353,348.3662109375,True,results_depth/screen/attn_layer0_symmetric_quadratic
depth_scan,lora,,0,2,2,15360,20,42,3.8192758560180664,45.571196262026795,3.828400993347168,3.3081165369985683,3095.416949637053,350.5693359375,True,results_depth/screen/mlp_both_layer0_lora
depth_scan,symmetric_quadratic,,0,4,4,15360,20,42,3.8217756748199463,45.685258503335675,3.829747259616852,3.2529554339998867,3147.9066368298595,350.5693359375,True,results_depth/screen/mlp_c_proj_symmetric_quadratic
depth_scan,symmetric_quadratic,,0,2,2,15360,20,42,3.805405616760254,44.943476243579994,3.8300268173217775,3.3428061720005644,3063.294571420419,350.5693359375,True,results_depth/screen/mlp_both_layer0_symmetric_quadratic
depth_scan,lora,,0,4,4,15360,20,42,3.8267998695373535,45.91536771045821,3.8294820547103883,3.2053730490006274,3194.635957643879,348.5068359375,True,results_depth/screen/mlp_c_fc_lora
depth_scan,lora,,0,4,4,15360,20,42,3.8217315673828125,45.6832434881072,3.8286691904067993,3.22317942600057,3176.987268346441,350.5693359375,True,results_depth/screen/mlp_c_proj_lora
depth_scan,lora,,0,4,4,6144,20,42,3.8281142711639404,45.975758624725614,3.8291006684303284,3.242771034998441,3157.793100247339,348.3662109375,True,results_depth/screen/attn_layer0_lora
depth_scan,symmetric_quadratic,,3,4,4,6144,20,42,3.81771183013916,45.49997744029822,3.8281805515289307,3.1801246860013634,3219.9995318031406,348.3662109375,True,results_depth/screen/attn_layer3_symmetric_quadratic
depth_scan,symmetric_quadratic,,0,4,4,15360,20,42,3.827401876449585,45.94301740101493,3.828999137878418,3.2126692040001217,3187.380757175401,348.5068359375,True,results_depth/screen/mlp_c_fc_symmetric_quadratic
depth_scan,symmetric_quadratic,,11,4,4,6144,20,42,3.813446283340454,45.3063085027934,3.828741216659546,3.186400753998896,3213.6572862496714,348.3662109375,True,results_depth/screen/attn_layer11_symmetric_quadratic
depth_scan,lora,,11,4,4,6144,20,42,3.8251025676727295,45.837501571093405,3.8288255095481873,3.1718695300005493,3228.3799516804925,348.3662109375,True,results_depth/screen/attn_layer11_lora
depth_scan,lora,,6,4,4,6144,20,42,3.828734874725342,46.00430019985177,3.828749966621399,3.1664789249989553,3233.875936819437,348.3662109375,True,results_depth/screen/attn_layer6_lora
depth_scan,symmetric_quadratic,,9,4,4,6144,20,42,3.818800449371338,45.54953656141522,3.826853346824646,3.188947542999813,3211.090763307862,348.3662109375,True,results_depth/screen/attn_layer9_symmetric_quadratic
depth_scan,lora,,3,4,4,6144,20,42,3.823338031768799,45.7566909713946,3.829148828983307,3.1624565620004432,3237.9891388998517,348.3662109375,True,results_depth/screen/attn_layer3_lora
depth_scan,lora,,0,2,2,15360,100,42,3.6517763137817383,38.54306986391619,3.777167422771454,15.791146950999973,3242.3230661378757,350.5693359375,True,results_depth/confirmation/mlp_both_layer0_lora_seed42
depth_scan,symmetric_quadratic,,11,4,4,6144,100,42,3.7271318435668945,41.55973723090937,3.791522843837738,15.271013027002482,3352.7572735002736,348.3662109375,True,results_depth/confirmation/attn_layer11_symmetric_quadratic_seed42
depth_scan,lora,,0,4,4,6144,100,123,3.759221076965332,42.914985485941266,3.8124964141845705,15.17178447400147,3374.685429241159,348.3662109375,True,results_depth/confirmation/attn_layer0_lora_seed123
depth_scan,symmetric_quadratic,,6,4,4,6144,100,456,3.7527618408203125,42.63868077985833,3.8036922216415405,15.25165753499823,3357.0121727760093,348.3662109375,True,results_depth/confirmation/attn_layer6_symmetric_quadratic_seed456
depth_scan,symmetric_quadratic,,6,4,4,6144,100,123,3.724975109100342,41.47020050138459,3.780456852912903,15.252338143000088,3356.862372179818,348.3662109375,True,results_depth/confirmation/attn_layer6_symmetric_quadratic_seed123
depth_scan,lora,,11,4,4,6144,100,123,3.7574503421783447,42.83906166856881,3.8080529141426087,15.16212077399905,3376.836312226252,348.3662109375,True,results_depth/confirmation/attn_layer11_lora_seed123
depth_scan,symmetric_quadratic,,11,4,4,6144,100,123,3.696298122406006,40.29785019151369,3.7697755169868468,15.271551560999796,3352.6390423061926,348.3662109375,True,results_depth/confirmation/attn_layer11_symmetric_quadratic_seed123
depth_scan,symmetric_quadratic,,6,4,4,6144,100,42,3.786621570587158,44.10713543392389,3.8099764227867126,15.268816340998455,3353.239626212698,348.3662109375,True,results_depth/confirmation/attn_layer6_symmetric_quadratic_seed42
depth_scan,symmetric_quadratic,,0,2,2,15360,100,456,3.637371778488159,37.99185438611198,3.722592487335205,16.007632337998075,3198.4742602104957,350.5693359375,True,results_depth/confirmation/mlp_both_layer0_symmetric_quadratic_seed456
depth_scan,lora,,6,4,4,6144,100,123,3.767484188079834,43.271065919517156,3.8095051217079163,15.158402010998543,3377.6647408381577,348.3662109375,True,results_depth/confirmation/attn_layer6_lora_seed123
depth_scan,lora,,11,4,4,6144,100,456,3.7556169033050537,42.76059082533918,3.804412863254547,15.18030258699946,3372.7917942721456,348.3662109375,True,results_depth/confirmation/attn_layer11_lora_seed456
depth_scan,lora,,6,4,4,6144,100,456,3.782444477081299,43.92328006280646,3.8168973970413207,15.18449343300017,3371.860920215357,348.3662109375,True,results_depth/confirmation/attn_layer6_lora_seed456
depth_scan,lora,,11,4,4,6144,100,42,3.768930435180664,43.333691848521354,3.8133341908454894,15.177374121998582,3373.442572374166,348.3662109375,True,results_depth/confirmation/attn_layer11_lora_seed42
depth_scan,lora,,0,2,2,15360,100,123,3.684467315673828,39.8239032297327,3.7827952527999877,15.834607264001534,3233.424053174865,350.5693359375,True,results_depth/confirmation/mlp_both_layer0_lora_seed123
depth_scan,symmetric_quadratic,,0,4,4,6144,100,123,3.6654300689697266,39.07293660775653,3.7868515038490296,15.285296958001709,3349.6241610927477,348.3662109375,True,results_depth/confirmation/attn_layer0_symmetric_quadratic_seed123
depth_scan,symmetric_quadratic,,0,2,2,15360,100,123,3.604844570159912,36.77596733027502,3.698284010887146,15.993426258002728,3201.31528879753,350.5693359375,True,results_depth/confirmation/mlp_both_layer0_symmetric_quadratic_seed123
depth_scan,symmetric_quadratic,,0,2,2,15360,100,42,3.596055030822754,36.45413994790415,3.692300262451172,15.961289162998582,3207.760944441236,350.5693359375,True,results_depth/confirmation/mlp_both_layer0_symmetric_quadratic_seed42
depth_scan,lora,,6,4,4,6144,100,42,3.803602457046509,44.862508998197384,3.822819321155548,15.160758904999966,3377.1396485379382,348.3662109375,True,results_depth/confirmation/attn_layer6_lora_seed42
depth_scan,symmetric_quadratic,,0,4,4,6144,100,456,3.7740416526794434,43.55574677467291,3.8142693734169004,15.292258564000804,3348.099287343263,348.3662109375,True,results_depth/confirmation/attn_layer0_symmetric_quadratic_seed456
depth_scan,lora,,0,4,4,6144,100,42,3.7413361072540283,42.15427518807693,3.8050599598884585,15.106436313999438,3389.2838082898434,348.3662109375,True,results_depth/confirmation/attn_layer0_lora_seed42
depth_scan,lora,,0,4,4,6144,100,456,3.7830333709716797,43.94915383178543,3.8178363275527953,15.198407994001172,3368.7738886999673,348.3662109375,True,results_depth/confirmation/attn_layer0_lora_seed456
depth_scan,lora,,0,2,2,15360,100,456,3.697911262512207,40.3629087300121,3.790907337665558,15.81331397699978,3237.7779935609706,350.5693359375,True,results_depth/confirmation/mlp_both_layer0_lora_seed456
depth_scan,symmetric_quadratic,,0,4,4,6144,100,42,3.689192771911621,40.012534675473304,3.7765635538101194,15.311032298002829,3343.9939909654904,348.3662109375,True,results_depth/confirmation/attn_layer0_symmetric_quadratic_seed42
depth_scan,symmetric_quadratic,,11,4,4,6144,100,456,3.653435707092285,38.60708107141271,3.739640965461731,15.268320966999454,3353.3484206064522,348.3662109375,True,results_depth/confirmation/attn_layer11_symmetric_quadratic_seed456
depth_scan,lora,,6,4,4,6144,20,42,3.828734874725342,46.00430019985177,3.828749966621399,3.1747914609986765,3225.408700317866,348.3662109375,True,results_depth/full_attention/layer6_lora
depth_scan,symmetric_quadratic,,4,4,4,6144,20,42,3.812875747680664,45.280467010626474,3.828651988506317,3.186176482002338,3213.883492594459,348.3662109375,True,results_depth/full_attention/layer4_symmetric_quadratic
depth_scan,lora,,10,4,4,6144,20,42,3.824988842010498,45.83228896728123,3.8297348737716677,3.1721236259982106,3228.121349393391,348.3662109375,True,results_depth/full_attention/layer10_lora
depth_scan,lora,,8,4,4,6144,20,42,3.8264431953430176,45.898993803920995,3.8282535910606383,3.179645406999043,3220.4848935229343,348.3662109375,True,results_depth/full_attention/layer8_lora
depth_scan,lora,,9,4,4,6144,20,42,3.827272415161133,45.93706994377786,3.829222333431244,3.1793198160012253,3220.8147001956263,348.3662109375,True,results_depth/full_attention/layer9_lora
depth_scan,lora,,3,4,4,6144,20,42,3.823338031768799,45.7566909713946,3.829148828983307,3.164886126000056,3235.5034564677476,348.3662109375,True,results_depth/full_attention/layer3_lora
depth_scan,lora,,2,4,4,6144,20,42,3.824295997619629,45.80054532092305,3.8286542654037476,3.1663155850001203,3234.042762038709,348.3662109375,True,results_depth/full_attention/layer2_lora
depth_scan,lora,,5,4,4,6144,20,42,3.822307586669922,45.70956549771887,3.827782940864563,3.170537723999587,3229.736054703803,348.3662109375,True,results_depth/full_attention/layer5_lora
depth_scan,symmetric_quadratic,,1,4,4,6144,20,42,3.829643964767456,46.04614126682495,3.8297826290130614,3.1849818759983464,3215.0889388625574,348.3662109375,True,results_depth/full_attention/layer1_symmetric_quadratic
depth_scan,symmetric_quadratic,,7,4,4,6144,20,42,3.8106794357299805,45.1811261115337,3.828083062171936,3.1930408740008716,3206.9742931819433,348.3662109375,True,results_depth/full_attention/layer7_symmetric_quadratic
depth_scan,lora,,11,4,4,6144,20,42,3.8251025676727295,45.837501571093405,3.8288255095481873,3.178952684000251,3221.186666771789,348.3662109375,True,results_depth/full_attention/layer11_lora
depth_scan,symmetric_quadratic,,0,4,4,6144,20,42,3.825410842895508,45.85163431537736,3.828298234939575,3.1888550349976867,3211.183916363708,348.3662109375,True,results_depth/full_attention/layer0_symmetric_quadratic
depth_scan,symmetric_quadratic,,3,4,4,6144,20,42,3.81771183013916,45.49997744029822,3.8281805515289307,3.1862848219971056,3213.7742141902286,348.3662109375,True,results_depth/full_attention/layer3_symmetric_quadratic
depth_scan,lora,,7,4,4,6144,20,42,3.8200623989105225,45.60705406254787,3.8294668078422545,3.1722841859991604,3227.957963285295,348.3662109375,True,results_depth/full_attention/layer7_lora
depth_scan,lora,,1,4,4,6144,20,42,3.8287644386291504,46.0056602866623,3.829063868522644,3.168800334999105,3231.506853524393,348.3662109375,True,results_depth/full_attention/layer1_lora
depth_scan,symmetric_quadratic,,11,4,4,6144,20,42,3.813446283340454,45.3063085027934,3.828741216659546,3.183167234998109,3216.9217775974257,348.3662109375,True,results_depth/full_attention/layer11_symmetric_quadratic
depth_scan,symmetric_quadratic,,6,4,4,6144,20,42,3.8205320835113525,45.62848002485866,3.8292203068733217,3.1967156669998076,3203.28770735199,348.3662109375,True,results_depth/full_attention/layer6_symmetric_quadratic
depth_scan,symmetric_quadratic,,2,4,4,6144,20,42,3.8030271530151367,44.83670683866811,3.8268959283828736,3.1862274470004195,3213.8320852267307,348.3662109375,True,results_depth/full_attention/layer2_symmetric_quadratic
depth_scan,lora,,4,4,4,6144,20,42,3.825108051300049,45.83775292755845,3.82940833568573,3.1713544619997265,3228.9042813407477,348.3662109375,True,results_depth/full_attention/layer4_lora
depth_scan,symmetric_quadratic,,10,4,4,6144,20,42,3.8139190673828125,45.327733666810424,3.8297646164894106,3.192992263000633,3207.0231170484894,348.3662109375,True,results_depth/full_attention/layer10_symmetric_quadratic
depth_scan,symmetric_quadratic,,9,4,4,6144,20,42,3.818800449371338,45.54953656141522,3.826853346824646,3.1945362360020226,3205.473108927826,348.3662109375,True,results_depth/full_attention/layer9_symmetric_quadratic
depth_scan,lora,,0,4,4,6144,20,42,3.8281142711639404,45.975758624725614,3.8291006684303284,3.1629662640007155,3237.467347200793,348.3662109375,True,results_depth/full_attention/layer0_lora
depth_scan,symmetric_quadratic,,8,4,4,6144,20,42,3.813429594039917,45.30555237850418,3.8280366539955137,3.185300756002107,3214.7670767680647,348.3662109375,True,results_depth/full_attention/layer8_symmetric_quadratic
depth_scan,symmetric_quadratic,,5,4,4,6144,20,42,3.8115296363830566,45.21955546847777,3.827097272872925,3.1910680809996848,3208.956919775919,348.3662109375,True,results_depth/full_attention/layer5_symmetric_quadratic
historical,symmetric_quadratic,,0,4,4,6144,20,42,3.825410842895508,45.85163431537736,3.828298234939575,3.2020165239998732,3197.984745940182,348.3662109375,True,results_extended/symmetric_quadratic/r4_seed42
historical,symmetric_quadratic,,0,4,4,6144,500,42,3.543552875518799,34.5895936587734,3.646573160171509,75.86524574600003,3374.4041488654575,348.3662109375,True,results_extended/symmetric_quadratic/r42_steps500
historical,symmetric_quadratic,,0,4,4,6144,500,123,3.561680793762207,35.22234892457269,3.651544631481171,76.20822200599991,3359.2175917691006,348.3662109375,True,results_extended/symmetric_quadratic/r123_steps500
historical,symmetric_quadratic,,0,4,4,6144,500,456,3.55271315574646,34.907899690099974,3.669091552257538,76.36601321499984,3352.276611314788,348.3662109375,True,results_extended/symmetric_quadratic/r456_steps500
historical,symmetric_quadratic,,0,4,4,6144,2000,42,3.3634390830993652,28.88836974346633,3.504925996541977,307.7970639089999,3326.8673423822693,348.3662109375,True,results_extended/symmetric_quadratic/r42_steps2000
historical,symmetric_quadratic,,0,4,4,6144,1000,42,3.478013753890991,32.395313066438675,3.5855839307308197,152.66997531800007,3353.6391090228612,348.3662109375,True,results_extended/symmetric_quadratic/r42_steps1000
historical,symmetric_quadratic,,0,4,4,6144,1000,123,3.462110757827759,31.884205373861658,3.58529979634285,152.6404618259985,3354.2875452227804,348.3662109375,True,results_extended/symmetric_quadratic/r123_steps1000
historical,symmetric_quadratic,,0,4,4,6144,2000,456,3.407546043395996,30.191065716065744,3.527202181458473,308.1208963170011,3323.3708334617068,348.3662109375,True,results_extended/symmetric_quadratic/r456_steps2000
historical,symmetric_quadratic,,0,4,4,6144,2000,123,3.364341974258423,28.91446457573123,3.5041583285331726,307.5045417090005,3330.032116953374,348.3662109375,True,results_extended/symmetric_quadratic/r123_steps2000
historical,symmetric_quadratic,,0,4,4,6144,1000,456,3.490832567214966,32.81325557764549,3.6013395674228668,152.79865091899956,3350.814924874026,348.3662109375,True,results_extended/symmetric_quadratic/r456_steps1000
historical,linear_quadratic,,0,,,6144,500,42,3.533374547958374,34.239315093338895,3.6334914922714234,77.99732916899984,3282.163668006053,348.3662109375,True,results_extended/linear_quadratic/r42_steps500
historical,linear_quadratic,,0,,,6912,20,42,3.8232884407043457,45.754421904646655,3.827125537395477,3.2378230330000406,3162.618801470448,348.3779296875,True,results_extended/linear_quadratic/l3_q1_seed42
historical,linear_quadratic,,0,,,6144,500,123,3.5117950439453125,33.50836281498605,3.6562469539642333,78.24885145300004,3271.6135156790856,348.3662109375,True,results_extended/linear_quadratic/r123_steps500
historical,linear_quadratic,,0,,,6144,500,456,3.5454370975494385,34.6548295733493,3.648094485282898,78.20807930599995,3273.319102983779,348.3662109375,True,results_extended/linear_quadratic/r456_steps500
historical,linear_quadratic,,0,,,6144,2000,42,3.4191102981567383,30.5422294514775,3.519886667966843,316.2198385470001,3238.253503338633,348.3662109375,True,results_extended/linear_quadratic/r42_steps2000
historical,linear_quadratic,,0,,,6144,1000,42,3.484236717224121,32.597536473644496,3.5793761537075044,155.71065825099868,3288.1499940400913,348.3662109375,True,results_extended/linear_quadratic/r42_steps1000
historical,linear_quadratic,,0,,,6144,1000,123,3.492114305496216,32.85534054864938,3.5901280007362364,155.55745541599936,3291.3883724234533,348.3662109375,True,results_extended/linear_quadratic/r123_steps1000
historical,linear_quadratic,,0,,,5376,20,42,3.812690258026123,45.27206873136425,3.8333441257476806,3.242235979000043,3158.314220903248,348.3544921875,True,results_extended/linear_quadratic/l2_q1_seed42
historical,linear_quadratic,,0,,,6144,2000,456,3.444941997528076,31.341465511474144,3.539602156162262,311.965646171,3282.412703348456,348.3662109375,True,results_extended/linear_quadratic/r456_steps2000
historical,linear_quadratic,,0,,,6144,2000,123,3.443798542022705,31.30564842171543,3.536104416847229,319.64202753099926,3203.5837336837417,348.3662109375,True,results_extended/linear_quadratic/r123_steps2000
historical,linear_quadratic,,0,,,6144,1000,456,3.5020086765289307,33.182037041345,3.592485408067703,155.59406398099964,3290.61396624053,348.3662109375,True,results_extended/linear_quadratic/r456_steps1000
historical,linear_quadratic,,0,,,6144,20,42,3.7908987998962402,44.2961958053892,3.8254600763320923,3.242256516999987,3158.2942146338637,348.3662109375,True,results_extended/linear_quadratic/l1_q2_seed42
historical,lora,,0,4,4,6144,2000,42,3.4750001430511475,32.29783315685244,3.571969078063965,303.4234317260016,3374.82176038631,348.3662109375,True,results_extended/lora/r42_steps2000
historical,lora,,0,4,4,6144,1000,42,3.552980899810791,34.91724732437122,3.624432722091675,150.0862044759997,3411.3728292854125,348.3662109375,True,results_extended/lora/r42_steps1000
historical,lora,,0,4,4,6144,1000,123,3.552021026611328,34.88374727493748,3.625997195005417,150.69243546799953,3397.64898224587,348.3662109375,True,results_extended/lora/r123_steps1000
historical,lora,,0,4,4,6144,2000,456,3.4569711685180664,31.720754048917513,3.5610663920640944,309.15908180099905,3312.210639372817,348.3662109375,True,results_extended/lora/r456_steps2000
historical,lora,,0,4,4,6144,2000,123,3.447300910949707,31.4154845830904,3.566202503204346,305.29440206300023,3354.1394571286255,348.3662109375,True,results_extended/lora/r123_steps2000
historical,lora,,0,4,4,6144,1000,456,3.5421838760375977,34.54227292142257,3.624237357854843,151.51305278699874,3379.2468079947134,348.3662109375,True,results_extended/lora/r456_steps1000
