method,lambda,seed,online_state,factor,elements,fisher_sum,fisher_max,effective_support,share_of_total
lora,0.0,42,F_A,U,3072,0.9084618091583252,0.05605710670351982,427.7889709472656,0.003433902687420954
lora,0.0,42,F_A,V,3072,263.648193359375,0.9457881450653076,1736.9766845703125,0.9965660973125791
lora,0.0,42,F_AB,U,3072,1.5558414459228516,0.06726029515266418,535.9697265625,0.003726205769775712
lora,0.0,42,F_AB,V,3072,415.98455810546875,1.1238079071044922,1810.604736328125,0.9962737942302243
lora,1.0,42,F_A,U,3072,0.9084618091583252,0.05605710670351982,427.7889709472656,0.003433902687420954
lora,1.0,42,F_A,V,3072,263.648193359375,0.9457881450653076,1736.9766845703125,0.9965660973125791
lora,1.0,42,F_AB,U,3072,1.573156476020813,0.07025720924139023,533.5149536132812,0.003412113288516691
lora,1.0,42,F_AB,V,3072,459.4773254394531,1.1073646545410156,1794.965576171875,0.9965878867114834
lora,10.0,42,F_A,U,3072,0.9084618091583252,0.05605710670351982,427.7889709472656,0.003433902687420954
lora,10.0,42,F_A,V,3072,263.648193359375,0.9457881450653076,1736.9766845703125,0.9965660973125791
lora,10.0,42,F_AB,U,3072,1.4161748886108398,0.0650923103094101,555.134033203125,0.0021589075126947853
lora,10.0,42,F_AB,V,3072,654.5521240234375,2.152444362640381,1707.5694580078125,0.9978410924873052
lora,30.0,42,F_A,U,3072,0.9084618091583252,0.05605710670351982,427.7889709472656,0.003433902687420954
lora,30.0,42,F_A,V,3072,263.648193359375,0.9457881450653076,1736.9766845703125,0.9965660973125791
lora,30.0,42,F_AB,U,3072,1.536226511001587,0.07003667950630188,539.3914184570312,0.0024833014201940964
lora,30.0,42,F_AB,V,3072,617.08642578125,2.4579811096191406,1740.381591796875,0.9975166985798058
lora,50.0,42,F_A,U,3072,0.9084618091583252,0.05605710670351982,427.7889709472656,0.003433902687420954
lora,50.0,42,F_A,V,3072,263.648193359375,0.9457881450653076,1736.9766845703125,0.9965660973125791
lora,50.0,42,F_AB,U,3072,1.4998327493667603,0.06684037297964096,559.2764892578125,0.002861404920955627
lora,50.0,42,F_AB,V,3072,522.6597290039062,1.7230594158172607,1784.635498046875,0.9971385950790443
lora,100.0,42,F_A,U,3072,0.9084618091583252,0.05605710670351982,427.7889709472656,0.003433902687420954
lora,100.0,42,F_A,V,3072,263.648193359375,0.9457881450653076,1736.9766845703125,0.9965660973125791
lora,100.0,42,F_AB,U,3072,1.3488669395446777,0.06349366158246994,553.2345581054688,0.0031424612582934648
lora,100.0,42,F_AB,V,3072,427.89013671875,1.17766273021698,1816.4903564453125,0.9968575387417066
lora,300.0,42,F_A,U,3072,0.9084618091583252,0.05605710670351982,427.7889709472656,0.003433902687420954
lora,300.0,42,F_A,V,3072,263.648193359375,0.9457881450653076,1736.9766845703125,0.9965660973125791
lora,300.0,42,F_AB,U,3072,1.3937233686447144,0.06362743675708771,557.5430297851562,0.003515015861231578
lora,300.0,42,F_AB,V,3072,395.1118469238281,1.1289145946502686,1821.191162109375,0.9964849841387684
symmetric,0.0,42,F_A,U,3072,1.2856333255767822,0.038389578461647034,654.9210815429688,0.0017028380114262214
symmetric,0.0,42,F_A,P,3072,753.7088623046875,3.192953586578369,1549.140625,0.9982971619885738
symmetric,0.0,42,F_AB,U,3072,2.81701922416687,0.08909222483634949,636.7299194335938,0.001940578138422696
symmetric,0.0,42,F_AB,P,3072,1448.8221435546875,4.0083489418029785,1699.096435546875,0.9980594218615773
symmetric,1.0,42,F_A,U,3072,1.2856333255767822,0.038389578461647034,654.9210815429688,0.0017028380114262214
symmetric,1.0,42,F_A,P,3072,753.7088623046875,3.192953586578369,1549.140625,0.9982971619885738
symmetric,1.0,42,F_AB,U,3072,3.1878199577331543,0.10103636980056763,601.5421142578125,0.0020972217403329987
symmetric,1.0,42,F_AB,P,3072,1516.8326416015625,3.8004324436187744,1707.2967529296875,0.997902778259667
symmetric,10.0,42,F_A,U,3072,1.2856333255767822,0.038389578461647034,654.9210815429688,0.0017028380114262214
symmetric,10.0,42,F_A,P,3072,753.7088623046875,3.192953586578369,1549.140625,0.9982971619885738
symmetric,10.0,42,F_AB,U,3072,2.507772207260132,0.07352599501609802,673.9480590820312,0.0013558275828358362
symmetric,10.0,42,F_AB,P,3072,1847.116943359375,4.326714038848877,1780.364501953125,0.9986441724171642
symmetric,30.0,42,F_A,U,3072,1.2856333255767822,0.038389578461647034,654.9210815429688,0.0017028380114262214
symmetric,30.0,42,F_A,P,3072,753.7088623046875,3.192953586578369,1549.140625,0.9982971619885738
symmetric,30.0,42,F_AB,U,3072,2.8263063430786133,0.06146422401070595,727.85107421875,0.001261050287185452
symmetric,30.0,42,F_AB,P,3072,2238.40576171875,5.796322822570801,1945.28173828125,0.9987389497128145
symmetric,50.0,42,F_A,U,3072,1.2856333255767822,0.038389578461647034,654.9210815429688,0.0017028380114262214
symmetric,50.0,42,F_A,P,3072,753.7088623046875,3.192953586578369,1549.140625,0.9982971619885738
symmetric,50.0,42,F_AB,U,3072,2.931328296661377,0.07487934827804565,736.2158813476562,0.0012184063746471104
symmetric,50.0,42,F_AB,P,3072,2402.939453125,5.922929763793945,1985.4573974609375,0.9987815936253529
symmetric,100.0,42,F_A,U,3072,1.2856333255767822,0.038389578461647034,654.9210815429688,0.0017028380114262214
symmetric,100.0,42,F_A,P,3072,753.7088623046875,3.192953586578369,1549.140625,0.9982971619885738
symmetric,100.0,42,F_AB,U,3072,3.2460525035858154,0.07473678886890411,751.736572265625,0.0011941375916546765
symmetric,100.0,42,F_AB,P,3072,2715.07763671875,4.448077201843262,1969.498291015625,0.9988058624083453
symmetric,300.0,42,F_A,U,3072,1.2856333255767822,0.038389578461647034,654.9210815429688,0.0017028380114262214
symmetric,300.0,42,F_A,P,3072,753.7088623046875,3.192953586578369,1549.140625,0.9982971619885738
symmetric,300.0,42,F_AB,U,3072,2.30842924118042,0.048538610339164734,767.9710693359375,0.001495477531851513
symmetric,300.0,42,F_AB,P,3072,1541.29833984375,3.601935386657715,1890.9490966796875,0.9985045224681485
combined,0.0,42,F_A,A,1536,0.38776087760925293,0.020659610629081726,312.38726806640625,0.0005150741738541947
combined,0.0,42,F_A,B,1536,183.72145080566406,1.9048564434051514,828.1098022460938,0.2440426044949806
combined,0.0,42,F_A,U,1536,0.5498443841934204,0.02857610210776329,324.51104736328125,0.0007303744608866553
combined,0.0,42,F_A,P,1536,568.166259765625,6.0296630859375,850.14599609375,0.7547119468702785
combined,0.0,42,F_AB,A,1536,0.5853915214538574,0.02736065164208412,323.12860107421875,0.0005075806758204305
combined,0.0,42,F_AB,B,1536,279.60223388671875,2.089907169342041,911.0767822265625,0.24243721618081118
combined,0.0,42,F_AB,U,1536,0.9589897394180298,0.05065666884183884,340.77032470703125,0.0008315198327945558
combined,0.0,42,F_AB,P,1536,872.15087890625,6.367905139923096,918.7615966796875,0.7562236833105739
combined,1.0,42,F_A,A,1536,0.38776087760925293,0.020659610629081726,312.38726806640625,0.0005150741738541947
combined,1.0,42,F_A,B,1536,183.72145080566406,1.9048564434051514,828.1098022460938,0.2440426044949806
combined,1.0,42,F_A,U,1536,0.5498443841934204,0.02857610210776329,324.51104736328125,0.0007303744608866553
combined,1.0,42,F_A,P,1536,568.166259765625,6.0296630859375,850.14599609375,0.7547119468702785
combined,1.0,42,F_AB,A,1536,0.5571868419647217,0.026750238612294197,326.72186279296875,0.0004459927697273028
combined,1.0,42,F_AB,B,1536,304.0244445800781,2.1612303256988525,915.6349487304688,0.24335230822205772
combined,1.0,42,F_AB,U,1536,0.9494863748550415,0.048981647938489914,341.40234375,0.0007600036939974037
combined,1.0,42,F_AB,P,1536,943.7869873046875,6.505084991455078,921.3900146484375,0.7554416953142176
combined,10.0,42,F_A,A,1536,0.38776087760925293,0.020659610629081726,312.38726806640625,0.0005150741738541947
combined,10.0,42,F_A,B,1536,183.72145080566406,1.9048564434051514,828.1098022460938,0.2440426044949806
combined,10.0,42,F_A,U,1536,0.5498443841934204,0.02857610210776329,324.51104736328125,0.0007303744608866553
combined,10.0,42,F_A,P,1536,568.166259765625,6.0296630859375,850.14599609375,0.7547119468702785
combined,10.0,42,F_AB,A,1536,0.7224178314208984,0.0406268909573555,315.5550231933594,0.00032086817595190065
combined,10.0,42,F_AB,B,1536,475.3304443359375,2.345414161682129,917.86083984375,0.21112215952435112
combined,10.0,42,F_AB,U,1536,0.9388834238052368,0.04491712152957916,359.32293701171875,0.0004170132553834229
combined,10.0,42,F_AB,P,1536,1774.4556884765625,8.321242332458496,955.1221923828125,0.7881399590443136
combined,30.0,42,F_A,A,1536,0.38776087760925293,0.020659610629081726,312.38726806640625,0.0005150741738541947
combined,30.0,42,F_A,B,1536,183.72145080566406,1.9048564434051514,828.1098022460938,0.2440426044949806
combined,30.0,42,F_A,U,1536,0.5498443841934204,0.02857610210776329,324.51104736328125,0.0007303744608866553
combined,30.0,42,F_A,P,1536,568.166259765625,6.0296630859375,850.14599609375,0.7547119468702785
combined,30.0,42,F_AB,A,1536,0.7470569014549255,0.03696313500404358,330.2492370605469,0.0002472238045773245
combined,30.0,42,F_AB,B,1536,528.16259765625,2.5929343700408936,885.504150390625,0.1747850352144818
combined,30.0,42,F_AB,U,1536,1.4464669227600098,0.07120972871780396,336.2246398925781,0.00047867981025747985
combined,30.0,42,F_AB,P,1536,2491.427734375,10.98996353149414,939.9996948242188,0.8244890611706834
combined,50.0,42,F_A,A,1536,0.38776087760925293,0.020659610629081726,312.38726806640625,0.0005150741738541947
combined,50.0,42,F_A,B,1536,183.72145080566406,1.9048564434051514,828.1098022460938,0.2440426044949806
combined,50.0,42,F_A,U,1536,0.5498443841934204,0.02857610210776329,324.51104736328125,0.0007303744608866553
combined,50.0,42,F_A,P,1536,568.166259765625,6.0296630859375,850.14599609375,0.7547119468702785
combined,50.0,42,F_AB,A,1536,0.6516166925430298,0.028827285394072533,344.7829284667969,0.0002448205154781426
combined,50.0,42,F_AB,B,1536,428.3687438964844,2.2711117267608643,911.1688842773438,0.1609434778077549
combined,50.0,42,F_AB,U,1536,1.3841551542282104,0.058250125497579575,372.1566467285156,0.0005200443485224268
combined,50.0,42,F_AB,P,1536,2231.205322265625,11.366954803466797,955.5239868164062,0.8382916573282445
combined,100.0,42,F_A,A,1536,0.38776087760925293,0.020659610629081726,312.38726806640625,0.0005150741738541947
combined,100.0,42,F_A,B,1536,183.72145080566406,1.9048564434051514,828.1098022460938,0.2440426044949806
combined,100.0,42,F_A,U,1536,0.5498443841934204,0.02857610210776329,324.51104736328125,0.0007303744608866553
combined,100.0,42,F_A,P,1536,568.166259765625,6.0296630859375,850.14599609375,0.7547119468702785
combined,100.0,42,F_AB,A,1536,0.5954182744026184,0.026829931885004044,341.5441589355469,0.00028274977749632036
combined,100.0,42,F_AB,B,1536,307.62939453125,2.4051625728607178,909.1859130859375,0.1460857796853945
combined,100.0,42,F_AB,U,1536,1.3575226068496704,0.054872479289770126,364.592529296875,0.0006446547436221603
combined,100.0,42,F_AB,P,1536,1796.2310791015625,12.683751106262207,954.6696166992188,0.852986815793487
combined,300.0,42,F_A,A,1536,0.38776087760925293,0.020659610629081726,312.38726806640625,0.0005150741738541947
combined,300.0,42,F_A,B,1536,183.72145080566406,1.9048564434051514,828.1098022460938,0.2440426044949806
combined,300.0,42,F_A,U,1536,0.5498443841934204,0.02857610210776329,324.51104736328125,0.0007303744608866553
combined,300.0,42,F_A,P,1536,568.166259765625,6.0296630859375,850.14599609375,0.7547119468702785
combined,300.0,42,F_AB,A,1536,0.6651801466941833,0.038746658712625504,328.4869079589844,0.0005049181011968249
combined,300.0,42,F_AB,B,1536,272.4855041503906,2.056030035018921,899.2738037109375,0.20683549267523244
combined,300.0,42,F_AB,U,1536,1.0952478647232056,0.04862062260508537,340.718017578125,0.0008313694792971092
combined,300.0,42,F_AB,P,1536,1043.1561279296875,7.710083961486816,975.7099609375,0.7918282197442736
