layer,lora_val_loss,symmetric_val_loss,delta_symmetric_minus_lora
0,3.8281142711639404,3.825410842895508,-0.002703428268432617
1,3.8287644386291504,3.829643964767456,0.0008795261383056641
2,3.824295997619629,3.8030271530151367,-0.021268844604492188
3,3.823338031768799,3.81771183013916,-0.005626201629638672
4,3.825108051300049,3.812875747680664,-0.012232303619384766
5,3.822307586669922,3.8115296363830566,-0.010777950286865234
6,3.828734874725342,3.8205320835113525,-0.008202791213989258
7,3.8200623989105225,3.8106794357299805,-0.009382963180541992
8,3.8264431953430176,3.813429594039917,-0.013013601303100586
9,3.827272415161133,3.818800449371338,-0.008471965789794922
10,3.824988842010498,3.8139190673828125,-0.011069774627685547
11,3.8251025676727295,3.813446283340454,-0.01165628433227539
