method,lambda,n_seeds,individual_seeds,adapter_parameters_mean,adapter_parameters_sample_sd,acquisition_a_nll_mean,acquisition_a_nll_sample_sd,acquisition_b_nll_mean,acquisition_b_nll_sample_sd,acquisition_c_nll_mean,acquisition_c_nll_sample_sd,acquisition_a_probability_mean,acquisition_a_probability_sample_sd,acquisition_b_probability_mean,acquisition_b_probability_sample_sd,acquisition_c_probability_mean,acquisition_c_probability_sample_sd,acquisition_a_exact_match_mean,acquisition_a_exact_match_sample_sd,acquisition_b_exact_match_mean,acquisition_b_exact_match_sample_sd,acquisition_c_exact_match_mean,acquisition_c_exact_match_sample_sd,forgetting_a_after_b_nll_mean,forgetting_a_after_b_nll_sample_sd,forgetting_a_after_c_nll_mean,forgetting_a_after_c_nll_sample_sd,forgetting_b_after_c_nll_mean,forgetting_b_after_c_nll_sample_sd,final_a_nll_mean,final_a_nll_sample_sd,final_b_nll_mean,final_b_nll_sample_sd,final_c_nll_mean,final_c_nll_sample_sd,final_a_probability_mean,final_a_probability_sample_sd,final_b_probability_mean,final_b_probability_sample_sd,final_c_probability_mean,final_c_probability_sample_sd,final_a_exact_match_mean,final_a_exact_match_sample_sd,final_b_exact_match_mean,final_b_exact_match_sample_sd,final_c_exact_match_mean,final_c_exact_match_sample_sd,mean_forgetting_mean,mean_forgetting_sample_sd,mean_new_fact_acquisition_nll_mean,mean_new_fact_acquisition_nll_sample_sd,mean_final_memory_nll_mean,mean_final_memory_nll_sample_sd,mean_final_probability_mean,mean_final_probability_sample_sd,mean_final_exact_match_mean,mean_final_exact_match_sample_sd,mean_final_paraphrase_nll_mean,mean_final_paraphrase_nll_sample_sd,mean_final_paraphrase_probability_mean,mean_final_paraphrase_probability_sample_sd,mean_final_paraphrase_exact_match_mean,mean_final_paraphrase_exact_match_sample_sd,parameter_displacement_a_b_l2_mean,parameter_displacement_a_b_l2_sample_sd,parameter_displacement_b_c_l2_mean,parameter_displacement_b_c_l2_sample_sd,parameter_displacement_a_c_l2_mean,parameter_displacement_a_c_l2_sample_sd,fisher_a_sum_mean,fisher_a_sum_sample_sd,fisher_a_max_mean,fisher_a_max_sample_sd,fisher_a_effective_support_mean,fisher_a_effective_support_sample_sd,fisher_ab_sum_mean,fisher_ab_sum_sample_sd,fisher_ab_max_mean,fisher_ab_max_sample_sd,fisher_ab_effective_support_mean,fisher_ab_effective_support_sample_sd,realized_ewc_penalty_b_mean,realized_ewc_penalty_b_sample_sd,realized_ewc_penalty_c_mean,realized_ewc_penalty_c_sample_sd,forgetting_reduction_vs_lambda0,plasticity_cost_vs_lambda0,stability_gain_per_plasticity_cost
combined,0.0,3,"42,123,456",6144.0,0.0,0.3735944216863977,0.12637444115241184,0.2999905054910212,0.0962274978428935,0.2982371639680221,0.09026300811192454,0.6978178926755191,0.08423582911261979,0.7550386799234351,0.059220525476788306,0.752164599784762,0.06545695157122877,0.40277777777777773,0.06364688465216445,0.4861111111111111,0.0962250448649376,0.40277777777777773,0.17347216662217774,5.7225399429185515,0.496105618876915,6.260948162732852,0.041440766796784705,4.615113860520068,0.3318372767022762,6.6345425844192505,0.16750469044441021,4.915104366011089,0.23960648073031257,0.2982371639680221,0.09026300811192457,0.0021521837498206333,0.000529513312572967,0.011711195571861533,0.004522929254348405,0.752164599784762,0.06545695157122877,0.0,0.0,0.0,0.0,0.40277777777777773,0.17347216662217774,5.532867322057157,0.2459371172185288,0.29911383472952163,0.09224370617348435,3.949294704799454,0.052325011487818616,0.25534265970214814,0.020590992958903657,0.13425925925925927,0.0578240555407259,4.0759358875306875,0.06681210000943288,0.2324025132496678,0.00585472472897669,0.11111111111111109,0.05555555555555556,4.777114073435466,0.1624830716465804,4.223202387491862,0.11531355215513125,6.712438742319743,0.13736088199691965,911.0846964518229,211.58248558279416,5.2381056149800616,1.6441784396126882,1351.0537923177083,343.9255316887994,1415.60546875,454.0707179618031,6.425371408462524,2.7511805623652057,1473.45751953125,332.345677771333,0.0,0.0,0.0,0.0,0.0,0.0,
combined,10.0,3,"42,123,456",6144.0,0.0,0.3735944216863977,0.12637444115241184,0.4969581637221078,0.05292827546937517,0.6547079572661055,0.17703605835654898,0.6978178926755191,0.08423582911261979,0.6239924936081477,0.025922727484649907,0.5405408602199094,0.08611917741551327,0.40277777777777773,0.06364688465216445,0.20833333333333334,0.07216878364870322,0.19444444444444442,0.1272937693043289,4.4542854177869025,0.5660725292695784,4.504799804546766,0.6183530999511502,2.841659363100512,0.5970518271384777,4.878394226233165,0.5036815382465658,3.33861752682262,0.5716362855857363,0.6547079572661055,0.17703605835654904,0.011707924102523333,0.005265857218227704,0.04667982158647887,0.025051616084723612,0.5405408602199094,0.08611917741551327,0.0,0.0,0.0,0.0,0.19444444444444442,0.1272937693043289,3.93358152847806,0.48085718616651363,0.5758330604941068,0.11494244093808494,2.9572399034406303,0.31714237541386225,0.19964286863630387,0.02310747466178918,0.06481481481481481,0.04243125643477629,3.043644078903728,0.31856035187705983,0.18021766004434447,0.011579859158377549,0.037037037037037035,0.008018753738744808,4.573172410329183,0.13958899981819917,4.2777518431345625,0.3341074534693957,6.537121136983235,0.26144225925476905,911.0846964518229,211.58248558279416,5.2381056149800616,1.6441784396126882,1351.0537923177083,343.9255316887994,2564.6031087239585,1043.593431124196,16.668532689412434,17.342689167945625,1454.2935791015625,430.19092547270986,0.40215568161026266,0.06380625387322443,0.5303185349718357,0.03541000630953379,1.5992857935790972,0.27671922576458513,5.779453123143913
combined,30.0,3,"42,123,456",6144.0,0.0,0.3735944216863977,0.12637444115241184,0.7790061867692404,0.23270948379320916,1.5484832790162828,0.2645030377212342,0.6978178926755191,0.08423582911261979,0.4890195599101277,0.10326598935013384,0.22828396908793072,0.058430028594482715,0.40277777777777773,0.06364688465216445,0.09722222222222221,0.024056261216234425,0.013888888888888867,0.02405626121623437,3.622036814482676,0.5054740923602027,3.078788394522336,0.09693282115006072,1.5320618629662526,0.4933270235144419,3.452382816208734,0.07234370157797047,2.311068049735493,0.31568476256749955,1.5484832790162828,0.2645030377212342,0.037972192902144035,0.00259123589393811,0.11134815248034663,0.03135147427540163,0.22828396908793072,0.058430028594482715,0.0,0.0,0.0,0.0,0.013888888888888867,0.02405626121623437,2.744295690657088,0.3320548002394203,1.1637447328927615,0.24634051368314294,2.4373113816535033,0.06941631417641507,0.12586810482347385,0.013363919089364663,0.004629629629629629,0.008018753738744801,2.5474799250562987,0.11495464645943056,0.11299621451342873,0.007137365626347197,0.0,0.0,4.5844465891520185,0.31941475229830146,4.578110218048096,0.3683071943660173,6.639752388000488,0.4614719507767403,911.0846964518229,211.58248558279416,5.2381056149800616,1.6441784396126882,1351.0537923177083,343.9255316887994,2989.546630859375,235.24818597029818,15.54264005025228,3.9488495423845205,1395.6539713541667,259.85261730636296,0.5712630251946393,0.08492442717177516,0.5483037934754975,0.05545594648690913,2.7885716314000693,0.8646308981632398,3.225158431561851
lora,0.0,3,"42,123,456",6144.0,0.0,1.04750500453843,0.2246103314415119,0.4579602217676843,0.11420369691893247,0.42913281037989587,0.06426280522865611,0.3796399140323719,0.0774378013712862,0.6479825354887859,0.07259225090172404,0.663696055779447,0.03956798574679985,0.05555555555555553,0.048112522432468795,0.3055555555555556,0.10485881160098266,0.25,0.0416666666666667,4.331969555881288,0.6693529306005912,5.215169572167926,0.23811385147734018,3.9069844349222778,0.18721929000543655,6.262674576706356,0.2213420269863743,4.364944656689963,0.07487973097764544,0.42913281037989587,0.06426280522865611,0.0031989310360249663,0.0006952036645362253,0.018496532674536503,0.003810597940965384,0.663696055779447,0.03956798574679985,0.0,0.0,0.0,0.0,0.25,0.0416666666666667,4.484707854323831,0.3475308676948074,0.4435465160737901,0.08525195742182658,3.6855840145920715,0.06624678077507747,0.22846383983000282,0.012920963358736886,0.08333333333333333,0.013888888888888888,3.700911837078079,0.035173941094238347,0.22245592403966966,0.010574531294864105,0.08333333333333333,0.02405626121623442,6.033243179321289,0.09621322106545242,5.5501054128011065,0.27308211071744215,8.456837018330893,0.2848993984876852,237.26956176757812,52.767034948123246,0.9511522253354391,0.28577864117958507,1675.3806966145833,88.75454584641754,375.84608968098956,58.600870915561,1.3483635783195496,0.5206144774358019,1717.7579345703125,112.20800016743488,0.0,0.0,0.0,0.0,0.0,0.0,
lora,1.0,3,"42,123,456",6144.0,0.0,1.04750500453843,0.2246103314415119,0.4835255182697438,0.11579397802750094,0.5004853577249581,0.08311913782574933,0.3796399140323719,0.0774378013712862,0.6328172715095891,0.07108694317176445,0.6221302216834568,0.04638542240245091,0.05555555555555553,0.048112522432468795,0.3055555555555556,0.10485881160098266,0.23611111111111108,0.024056261216234432,4.128170275025898,0.6542780441438886,4.936781237522761,0.3324520225707206,3.4882681200655905,0.32017741949362577,5.9842862420611915,0.25817975637263074,3.9717936383353343,0.2050123531065429,0.5004853577249581,0.08311913782574935,0.004383655196821633,0.0016456847743496926,0.025383667481407867,0.0037802545310228535,0.6221302216834568,0.04638542240245091,0.0,0.0,0.0,0.0,0.23611111111111108,0.024056261216234432,4.184406544204749,0.4171689502663688,0.4920054379973509,0.09634249493864487,3.485521746040495,0.09148435181017962,0.21729918145389546,0.014634769630355428,0.0787037037037037,0.008018753738744798,3.4971937071876944,0.0784244627858723,0.2123127704880553,0.011486802319236366,0.06481481481481481,0.021215628217388146,5.959978898366292,0.10252518629310803,5.440395673116048,0.26938767992161783,8.387539863586426,0.29356312001317464,237.26956176757812,52.767034948123246,0.9511522253354391,0.28577864117958507,1675.3806966145833,88.75454584641754,409.9154459635417,71.94742043763621,1.4952436685562134,0.7781400694537256,1693.3104654947917,117.61416802867078,0.12190530130950113,0.023274351219458454,0.17039624287281185,0.023149512562790384,0.3003013101190817,0.04845892192356083,6.197028291153018
lora,10.0,3,"42,123,456",6144.0,0.0,1.04750500453843,0.2246103314415119,0.8311456003122859,0.2066447848480256,1.1298867493040032,0.2255234262782741,0.3796399140323719,0.0774378013712862,0.46405514942592135,0.08704306472829536,0.3447151505709125,0.07396566688624673,0.05555555555555553,0.048112522432468795,0.25,0.08333333333333336,0.013888888888888867,0.02405626121623437,2.786493413978153,0.7081716658807297,2.9671228395568003,0.8721483489814117,1.874952919781208,0.43882021545151384,4.014627844095231,0.6717111854100799,2.7060985200934944,0.23237032698121027,1.1298867493040032,0.2255234262782741,0.02820461243122897,0.01384199419380772,0.0801120650249354,0.012605962736456021,0.3447151505709125,0.07396566688624673,0.0,0.0,0.0,0.0,0.013888888888888867,0.02405626121623437,2.5428563911053867,0.6714777572746659,0.9805161748081446,0.213780551498522,2.6168710378309092,0.22786664662308403,0.151010609342359,0.01649990705476435,0.004629629629629629,0.008018753738744801,2.629822706182798,0.24574186974073803,0.14451056532074044,0.012862790604520342,0.0,0.0,5.804342905680339,0.0746749354966819,5.772927125295003,0.20799679590470174,8.432680130004883,0.09795337140036207,237.26956176757812,52.767034948123246,0.9511522253354391,0.28577864117958507,1675.3806966145833,88.75454584641754,580.2410685221354,102.18309055871367,2.3776278098424277,0.9914214784661108,1677.5016276041667,68.43716617946265,0.44591217767447233,0.02544264982137216,0.4395531746558845,0.010318670144592913,1.9418514632184438,0.5369696587343544,3.6163150592072872
symmetric,0.0,3,"42,123,456",6144.0,0.0,0.2398887581851644,0.022187828252952183,0.16114304809404226,0.03482437312867258,0.12964726011786196,0.06477386335964762,0.8009914173223894,0.017867890969345896,0.8581327094982444,0.026130599534967262,0.8821913483547966,0.05443859000145182,0.5972222222222222,0.06364688465216443,0.6666666666666666,0.07216878364870323,0.8333333333333334,0.2204792759220492,5.838668531123807,0.31340948968080634,6.359711219149176,0.26226732483621296,5.144822170185055,0.2994786579313584,6.59959997733434,0.27752574016460296,5.3059652182790975,0.268693781836252,0.12964726011786196,0.06477386335964765,0.0025343683781380998,0.0006054344447773425,0.0089063510023146,0.0023858323969511946,0.8821913483547966,0.05443859000145182,0.0,0.0,0.0,0.0,0.8333333333333334,0.2204792759220492,5.781067306819346,0.09577008481095424,0.14539515410595213,0.04664828343874908,4.011737485243766,0.14899676032872422,0.29787735591174974,0.018280805492487652,0.27777777777777773,0.07349309197401639,4.069989112322219,0.14024089719580352,0.2847307361833715,0.01286867450063605,0.25462962962962965,0.021215628217388146,4.426695505777995,0.041353225359780255,3.9761515458424888,0.1594494116976611,6.089847882588704,0.35011250133866023,518.1033630371094,211.78777568733827,1.951047658920288,1.0774703809850525,1615.6702880859375,60.65390370735487,1028.9936116536458,470.28375224448234,3.5402794679005942,1.5922524678342167,1722.2311197916667,14.941104667628496,0.0,0.0,0.0,0.0,0.0,0.0,
symmetric,10.0,3,"42,123,456",6144.0,0.0,0.2398887581851644,0.022187828252952183,0.24426886058386624,0.05787695414693097,0.3935570154959957,0.07472408610695042,0.8009914173223894,0.017867890969345896,0.7925250087893234,0.04148763386150779,0.6868743631237796,0.05012837261091201,0.5972222222222222,0.06364688465216443,0.4583333333333333,0.08333333333333331,0.40277777777777773,0.08673608331108887,4.696469829424234,0.23804270748105782,4.874247017116027,0.45404544799203395,3.261347719862695,0.457831363344668,5.114135775301191,0.46880607837211175,3.5056165804465613,0.40699349271650953,0.3935570154959956,0.07472408610695044,0.009052097784252934,0.004534245911585237,0.0436413231725375,0.01710694259596247,0.6868743631237796,0.05012837261091201,0.0,0.0,0.0,0.0,0.40277777777777773,0.08673608331108887,4.277354855467652,0.3552237608703399,0.3189129380399309,0.06602737774372258,3.0044364570812494,0.26393356873443513,0.24652259469352336,0.013287231158452494,0.13425925925925927,0.028912027770362954,3.0796018743680587,0.25173568955343445,0.23118774512163018,0.010569035961155373,0.12037037037037036,0.008018753738744807,4.368081569671631,0.05731781661724642,3.8901790777842202,0.146356418268753,5.933521270751953,0.27278580208404724,518.1033630371094,211.78777568733827,1.951047658920288,1.0774703809850525,1615.6702880859375,60.65390370735487,1391.055196126302,443.8181404891174,4.417103290557861,1.6521517023143828,1744.0016682942708,55.36109799651094,0.3151113062631339,0.04778853882964205,0.44213463785126805,0.013579796215505691,1.503712451351694,0.1735177839339788,8.666042276818361
symmetric,30.0,3,"42,123,456",6144.0,0.0,0.2398887581851644,0.022187828252952183,0.41345197896266145,0.12497069608821626,0.9956822604354886,0.2403708062603569,0.8009914173223894,0.017867890969345896,0.6778978332101143,0.07562415932321502,0.39680787262574874,0.08620512595105388,0.5972222222222222,0.06364688465216443,0.40277777777777785,0.024056261216234418,0.05555555555555553,0.048112522432468795,3.790289401290162,0.4405712760413326,3.514507902275202,0.5528621073890143,2.002993630633379,0.27339619343349464,3.7543966604603667,0.5581028472402496,2.4164456095960407,0.19246319081319582,0.9956822604354886,0.2403708062603569,0.03237160830836647,0.01557833918911626,0.10554186451490166,0.012856895318762513,0.39680787262574874,0.08620512595105388,0.0,0.0,0.0,0.0,0.05555555555555553,0.048112522432468795,3.102596978066248,0.4114666642473995,0.704567119699075,0.1743707923592018,2.388841510163965,0.18538724770882636,0.17824044848300566,0.020756526648802794,0.018518518518518517,0.016037507477489603,2.4907177828804214,0.1403067507706658,0.16702232399185557,0.025921490657343015,0.02314814814814813,0.028912027770362943,4.375330766042073,0.08912122284654213,3.9564316272735596,0.11278902443090236,5.90543778737386,0.12819279045303686,518.1033630371094,211.78777568733827,1.951047658920288,1.0774703809850525,1615.6702880859375,60.65390370735487,1773.1411946614583,419.0701703154279,5.5035990079243975,1.30428359212709,1829.1802978515625,118.59003056101496,0.477816064376384,0.036395153867572014,0.5857388093136251,0.018953435707517306,2.678470328753098,0.5591719655931229,4.790065478178972
