method,x,y,pearson_r,spearman_rho,n
combined,lambda,mean_forgetting,-0.7357739523649567,-1.0,7
combined,lambda,mean_new_fact_acquisition_nll,0.8992128785070017,1.0,7
combined,lambda,total_parameter_displacement_a_c_l2,-0.976939474550798,-0.8928571428571429,7
combined,total_parameter_displacement_a_c_l2,mean_forgetting,0.7470730547079296,0.8928571428571429,7
combined,realized_ewc_penalty_c,mean_forgetting,-0.40430068033430955,-0.28571428571428575,7
combined,realized_ewc_penalty_c,mean_new_fact_acquisition_nll,0.028670267163944798,0.28571428571428575,7
lora,lambda,mean_forgetting,-0.6320885705953389,-1.0,7
lora,lambda,mean_new_fact_acquisition_nll,0.7717299156816047,1.0,7
lora,lambda,total_parameter_displacement_a_c_l2,-0.9478085723826843,-1.0,7
lora,total_parameter_displacement_a_c_l2,mean_forgetting,0.7872822828791806,1.0,7
lora,realized_ewc_penalty_c,mean_forgetting,-0.4390699038564239,-0.10714285714285716,7
lora,realized_ewc_penalty_c,mean_new_fact_acquisition_nll,0.15812729074978468,0.10714285714285716,7
symmetric,lambda,mean_forgetting,-0.7502340694601434,-1.0,7
symmetric,lambda,mean_new_fact_acquisition_nll,0.9267440526580537,1.0,7
symmetric,lambda,total_parameter_displacement_a_c_l2,-0.9914541965441805,-0.9642857142857145,7
symmetric,total_parameter_displacement_a_c_l2,mean_forgetting,0.6929572426998934,0.9642857142857145,7
symmetric,realized_ewc_penalty_c,mean_forgetting,-0.5506587244174762,-0.39285714285714296,7
symmetric,realized_ewc_penalty_c,mean_new_fact_acquisition_nll,0.19041819110478447,0.39285714285714296,7
