method,lambda,normalized_ideal_distance,endpoint_chord_distance,ideal_distance_candidate,chord_knee_candidate
combined,0.0,1.0,0.0,False,False
combined,1.0,0.9030283043437457,0.06298100065386593,False,False
combined,10.0,0.5608792796665553,0.24052198899187557,False,True
combined,30.0,0.4742678517938784,0.23351171244087943,True,False
combined,50.0,0.5226726853125471,0.20373489142862272,False,False
combined,100.0,0.7682005286878941,0.09230728351651028,False,False
combined,300.0,1.0,0.0,False,False
lora,0.0,1.0,0.0,False,False
lora,1.0,0.9083421850243486,0.04938381395360781,False,False
lora,10.0,0.49106964689190047,0.2423572545748854,True,True
lora,30.0,0.6235895192191574,0.15599852709553935,False,False
lora,50.0,0.7330938807575924,0.1081935048435442,False,False
lora,100.0,0.8642940314223329,0.054596026443938996,False,False
lora,300.0,1.0,0.0,False,False
symmetric,0.0,1.0,0.0,False,False
symmetric,1.0,0.9441383671031374,0.0362089109408437,False,False
symmetric,10.0,0.6048583132720899,0.2169840101045863,False,False
symmetric,30.0,0.463032360808935,0.24506552770066511,True,True
symmetric,50.0,0.516789226065515,0.20233027892418595,False,False
symmetric,100.0,0.6794338026832196,0.1290451523096537,False,False
symmetric,300.0,1.0,0.0,False,False
