method,lambda,seed,complete,adapter_parameters,ewc_auxiliary_state_bytes,acquisition_a_nll,acquisition_b_nll,acquisition_c_nll,acquisition_a_probability,acquisition_b_probability,acquisition_c_probability,acquisition_a_exact_match,acquisition_b_exact_match,acquisition_c_exact_match,forgetting_a_after_b_nll,forgetting_a_after_c_nll,forgetting_b_after_c_nll,forgetting_a_after_b_probability,forgetting_a_after_c_probability,forgetting_b_after_c_probability,forgetting_a_after_b_exact_match,forgetting_a_after_c_exact_match,forgetting_b_after_c_exact_match,final_a_nll,final_b_nll,final_c_nll,final_a_probability,final_b_probability,final_c_probability,final_a_exact_match,final_b_exact_match,final_c_exact_match,final_mean_nll,final_mean_probability,final_mean_exact_match,final_mean_paraphrase_nll,final_mean_paraphrase_probability,final_mean_paraphrase_exact_match,mean_forgetting,mean_new_fact_acquisition_nll,mean_new_fact_acquisition_probability,parameter_displacement_a_b_l2,parameter_displacement_b_c_l2,total_parameter_displacement_a_c_l2,raw_ewc_quadratic_b,raw_ewc_quadratic_c,realized_ewc_penalty_b,realized_ewc_penalty_c,fisher_a_sum,fisher_a_mean,fisher_a_max,fisher_a_nonzero_fraction,fisher_a_effective_support,fisher_ab_sum,fisher_ab_mean,fisher_ab_max,fisher_ab_nonzero_fraction,fisher_ab_effective_support
combined,0.0,42,True,6144,49152,0.5090576503425837,0.4109745626337826,0.3964310030763348,0.6088477832026044,0.6867146320489578,0.6814566346881935,0.3333333333333333,0.375,0.20833333333333334,5.2219668334970875,6.307430178547899,4.239287822972983,-0.6037712160899295,-0.6072231395686749,-0.6697808119207618,-0.3333333333333333,-0.3333333333333333,-0.375,6.816487828890483,4.650262385606766,0.3964310030763348,0.0016246436339294363,0.016933820128195946,0.6814566346881935,0.0,0.0,0.20833333333333334,3.9543937391911945,0.2333383661501063,0.06944444444444445,3.9989073783573175,0.22588944274546394,0.05555555555555555,5.256228278339323,0.4037027828550587,0.6840856333685756,4.7143120765686035,4.272078990936279,6.6946587562561035,0.2982370745157823,0.5091533622471616,0.0,0.0,752.8252563476562,0.12253015488386154,6.0296630859375,1.0,1485.5576171875,1153.2974853515625,0.1877111792564392,6.367905139923096,1.0,1610.37451171875
combined,1.0,42,True,6144,49152,0.5090576503425837,0.43701416176433366,0.4113357175762455,0.6088477832026044,0.6708653796069197,0.6709259652004501,0.3333333333333333,0.375,0.16666666666666666,4.939611932262778,5.82922469638288,3.791612308006734,-0.6025722743808919,-0.6063185388162518,-0.6458774135652334,-0.3333333333333333,-0.3333333333333333,-0.375,6.338282346725464,4.228626469771068,0.4113357175762455,0.0025292443863526247,0.024987966041686308,0.6709259652004501,0.0,0.0,0.16666666666666666,3.6594148446909256,0.232814391876163,0.05555555555555555,3.730841210318936,0.2283677910183932,0.05555555555555555,4.853482978884131,0.4241749396702896,0.670895672403685,4.666708469390869,4.158634185791016,6.5686187744140625,0.2180114780785516,0.320452717365697,0.1090057390392758,0.1602263586828485,752.8252563476562,0.12253015488386154,6.0296630859375,1.0,1485.5576171875,1249.318115234375,0.20333953201770782,6.505084991455078,1.0,1616.1839599609375
combined,10.0,42,True,6144,49152,0.5090576503425837,0.5464612616536518,0.8274469425280889,0.6088477832026044,0.6043749236794184,0.4566622093886976,0.3333333333333333,0.25,0.08333333333333333,4.165572604164481,3.790807943170269,2.207727405087401,-0.5967062106043337,-0.5911052286841578,-0.5299707138496768,-0.3333333333333333,-0.3333333333333333,-0.25,4.299865593512853,2.754188666741053,0.8274469425280889,0.01774255451844652,0.07440420982974157,0.4566622093886976,0.0,0.0,0.08333333333333333,2.6271670675939984,0.1829363245789619,0.027777777777777776,2.6778613697323537,0.1758816962076961,0.027777777777777776,3.3880359841407173,0.6869541020908704,0.5305185665340579,4.547951698303223,4.361716270446777,6.518432140350342,0.08776735933497548,0.10887450794689357,0.4388367966748774,0.5443725397344679,752.8252563476562,0.12253015488386154,6.0296630859375,1.0,1485.5576171875,2251.447509765625,0.36644652485847473,8.321242332458496,1.0,1594.80078125
combined,30.0,42,True,6144,49152,0.5090576503425837,0.7950377011050781,1.647591417034467,0.6088477832026044,0.4783251583828552,0.20693452152418093,0.3333333333333333,0.125,0.041666666666666664,3.5229104068130255,2.9696899161984525,1.2143195923417807,-0.5885879411259521,-0.5730641537722155,-0.33693991048786465,-0.3333333333333333,-0.3333333333333333,-0.125,3.478747566541036,2.009357293446859,1.647591417034467,0.03578362943038877,0.14138524789499055,0.20693452152418093,0.0,0.0,0.041666666666666664,2.378565425674121,0.12803446628318674,0.013888888888888888,2.416728469232718,0.12060860064106256,0.0,2.568973305117753,1.2213145590697725,0.3426298399535181,4.488269805908203,4.726116180419922,6.621565818786621,0.044167942367494106,0.03352582477964461,0.6625191355124116,0.5028873716946691,752.8252563476562,0.12253015488386154,6.0296630859375,1.0,1485.5576171875,3021.783935546875,0.4918268024921417,10.98996353149414,1.0,1486.80126953125
combined,50.0,42,True,6144,49152,0.5090576503425837,1.0626019823054473,2.093995918830236,0.6088477832026044,0.3716949864190144,0.12938933318112875,0.3333333333333333,0.041666666666666664,0.0,2.9384977823744216,2.5661542223145566,1.0027262630561988,-0.5752967002781297,-0.5591929543354897,-0.24056580101824906,-0.3333333333333333,-0.3333333333333333,-0.041666666666666664,3.0752118726571402,2.065328245361646,2.093995918830236,0.04965482886711472,0.13112918540076532,0.12938933318112875,0.0,0.0,0.0,2.4115120122830076,0.10339111581633625,0.0,2.4520179861121707,0.09845779776070311,0.0,2.1691260892483926,1.5782989505678415,0.25054215980007155,4.405006408691406,4.335046768188477,6.2063374519348145,0.02759392576990649,0.018511404399760067,0.6898481442476623,0.4627851099940017,752.8252563476562,0.12253015488386154,6.0296630859375,1.0,1485.5576171875,2661.60986328125,0.4332047402858734,11.366954803466797,1.0,1482.8173828125
combined,100.0,42,True,6144,49152,0.5090576503425837,2.016888454556465,2.7127906382083893,0.6088477832026044,0.1393920147957163,0.06722056350844881,0.3333333333333333,0.0,0.0,2.1684992220252752,2.133745323245724,0.3692920655012131,-0.5356503969187549,-0.5346986010714415,-0.045497969956858134,-0.3333333333333333,-0.3333333333333333,0.0,2.642802973588308,2.3861805200576782,2.7127906382083893,0.07414918213116282,0.09389404483885817,0.06722056350844881,0.0,0.0,0.0,2.580591377284792,0.07842126349282327,0.0,2.659055709838867,0.07301081660422691,0.0,1.5571788702574043,2.364839546382427,0.10330628915208256,4.167612552642822,2.9693479537963867,5.143148899078369,0.011856176890432835,0.005363453761674464,0.5928088445216417,0.2681726880837232,752.8252563476562,0.12253015488386154,6.0296630859375,1.0,1485.5576171875,2105.813232421875,0.34274303913116455,12.683751106262207,1.0,1446.6546630859375
combined,300.0,42,True,6144,49152,0.5090576503425837,2.922180712223053,3.0432385206222534,0.6088477832026044,0.05623646590480431,0.04912876896477319,0.3333333333333333,0.0,0.0,1.5207670188198485,1.7846343672523894,0.008088866869608413,-0.46990204248821377,-0.5036483686832348,-0.001044601134049146,-0.3333333333333333,-0.3333333333333333,0.0,2.293692017594973,2.9302695790926614,3.0432385206222534,0.10519941451936958,0.05519186477075516,0.04912876896477319,0.0,0.0,0.0,2.7557333724366293,0.06984001608496598,0.0,2.814297243952751,0.06651829741539686,0.0,1.1044967509806154,2.982709616422653,0.05268261743478875,3.205697536468506,1.556363582611084,3.708970069885254,0.003022360528120771,0.0012065464034094475,0.45335407921811566,0.18098196051141713,752.8252563476562,0.12253015488386154,6.0296630859375,1.0,1485.5576171875,1317.402099609375,0.21442091464996338,7.710083961486816,1.0,1612.2008056640625
lora,0.0,42,True,6144,49152,1.253896461178859,0.5603538734721951,0.4484655301397045,0.31118520882724776,0.5862282431704703,0.6587485472349156,0.08333333333333333,0.20833333333333334,0.25,3.8688333369791508,5.235958093156418,3.7556524094931474,-0.3030820859625689,-0.3084978989578687,-0.5633319538651612,-0.08333333333333333,-0.08333333333333333,-0.20833333333333334,6.489854554335277,4.3160062829653425,0.4484655301397045,0.0026873098693790186,0.022896289305309108,0.6587485472349156,0.0,0.0,0.25,3.7514421224801078,0.22811071546986791,0.08333333333333333,3.736256102100015,0.2253834158104333,0.09722222222222222,4.286814613209572,0.5044097018059498,0.622488395202693,6.141963481903076,5.809696674346924,8.711356163024902,0.33548065228387713,0.5863903323188424,0.0,0.0,264.556640625,0.043059349060058594,0.9457881450653076,1.0,1768.7034912109375,417.5404052734375,0.06795904785394669,1.1238079071044922,1.0,1847.221923828125
lora,1.0,42,True,6144,49152,1.253896461178859,0.587015546062806,0.5357533649851879,0.31118520882724776,0.5721655102873116,0.6109344862569263,0.08333333333333333,0.20833333333333334,0.25,3.6814458804825945,4.924100571622452,3.2225967181730084,-0.3013584231686756,-0.30780064269536916,-0.5424703924792648,-0.08333333333333333,-0.08333333333333333,-0.20833333333333334,6.1779970328013105,3.8096122642358146,0.5357533649851879,0.003384566131878606,0.029695117808046827,0.6109344862569263,0.0,0.0,0.25,3.5077875540074377,0.21467139006561722,0.08333333333333333,3.473472501979106,0.21373892451179377,0.06944444444444445,3.9427143900926844,0.561384455523997,0.5915499982721188,6.078360080718994,5.697057723999023,8.658831596374512,0.244856892619282,0.37060137558728456,0.122428446309641,0.18530068779364228,264.556640625,0.043059349060058594,0.9457881450653076,1.0,1768.7034912109375,461.05047607421875,0.07504076510667801,1.1073646545410156,1.0,1828.7532958984375
lora,10.0,42,True,6144,49152,1.253896461178859,0.9439919597158829,1.1816314148406188,0.31118520882724776,0.41971222407400494,0.3309845160135387,0.08333333333333333,0.16666666666666666,0.041666666666666664,2.48733401671052,2.4719588793814182,1.621332336838047,-0.27913798896592557,-0.28012962178354095,-0.33060479886097693,-0.08333333333333333,-0.08333333333333333,-0.16666666666666666,3.7258553405602775,2.56532429655393,1.1816314148406188,0.03105558704370681,0.08910742521302802,0.3309845160135387,0.0,0.0,0.041666666666666664,2.4909370173182754,0.15038250942342452,0.013888888888888888,2.5048610195517544,0.14394434195921277,0.0,2.193541744309995,1.062811687278251,0.3753483700437718,5.871228218078613,5.8239426612854,8.46431827545166,0.08406851347535849,0.08581858966499567,0.42034256737679243,0.42909294832497835,264.556640625,0.043059349060058594,0.9457881450653076,1.0,1768.7034912109375,655.9683227539062,0.10676568001508713,2.152444362640381,1.0,1729.8839111328125
lora,30.0,42,True,6144,49152,1.253896461178859,1.879688635468483,2.2040609618028006,0.31118520882724776,0.18288213423911762,0.11627908367428608,0.08333333333333333,0.08333333333333333,0.0,1.3938224253555138,1.5407719401021798,0.7553068846464157,-0.2331700173063055,-0.24413023212547147,-0.1033319777480177,-0.08333333333333333,-0.08333333333333333,-0.08333333333333333,2.7946684012810388,2.6349955201148987,2.2040609618028006,0.0670549767017763,0.07955015649109992,0.11627908367428608,0.0,0.0,0.0,2.544574961066246,0.0876280722890541,0.0,2.51371660331885,0.0910937629194194,0.0,1.2299670833680365,2.041874798635642,0.14958060895670183,5.685247898101807,5.295808792114258,7.802165508270264,0.02795537910424173,0.021763479569926858,0.41933068656362593,0.32645219354890287,264.556640625,0.043059349060058594,0.9457881450653076,1.0,1768.7034912109375,618.6226196289062,0.10068727284669876,2.4579811096191406,1.0,1765.741455078125
lora,50.0,42,True,6144,49152,1.253896461178859,2.236090558270613,2.4998368869225183,0.31118520882724776,0.12272188131850904,0.08641899396862474,0.08333333333333333,0.0,0.0,1.1485987789928915,1.353770920385917,0.5271519099672637,-0.21444680549390982,-0.23299810723450926,-0.05369062319960477,-0.08333333333333333,-0.08333333333333333,0.0,2.607667381564776,2.763242468237877,2.4998368869225183,0.07818710159273849,0.06903125811890427,0.08641899396862474,0.0,0.0,0.0,2.623582245575057,0.0778791178934225,0.0,2.6050665378570557,0.07951244637396232,0.0,1.0098405364486907,2.3679637225965657,0.10457043764356688,5.38508415222168,4.5599446296691895,7.073996543884277,0.016106682363897562,0.010383239947259426,0.40266705909743905,0.25958099868148565,264.556640625,0.043059349060058594,0.9457881450653076,1.0,1768.7034912109375,524.1596069335938,0.08531243354082108,1.7230594158172607,1.0,1813.953369140625
lora,100.0,42,True,6144,49152,1.253896461178859,2.696960190931956,2.759847968816757,0.31118520882724776,0.06996909005908254,0.0667507316517831,0.08333333333333333,0.0,0.0,0.9477721837659676,1.1290507751206558,0.2347661256790161,-0.1926195091307935,-0.2148803414260581,-0.013706180147333248,-0.08333333333333333,-0.08333333333333333,0.0,2.3829472362995148,2.931726316610972,2.759847968816757,0.09630486740118967,0.056262909911749294,0.0667507316517831,0.0,0.0,0.0,2.6915071739090815,0.07310616965490735,0.0,2.679127913382318,0.07398282469142077,0.0,0.7705296948552132,2.7284040798743563,0.06835991085543282,4.671400547027588,3.5437889099121094,5.964889049530029,0.006864765775389969,0.0042306381510570645,0.34323828876949847,0.21153190755285323,264.556640625,0.043059349060058594,0.9457881450653076,1.0,1768.7034912109375,429.239013671875,0.06986311823129654,1.17766273021698,1.0,1848.5797119140625
lora,300.0,42,True,6144,49152,1.253896461178859,3.148548185825348,3.019362151622772,0.31118520882724776,0.045189916881372055,0.051516080581917124,0.08333333333333333,0.0,0.0,0.7100754069785278,0.901486271371444,0.019237597783406724,-0.15842925729085242,-0.1886843659705359,-0.0005491413149963931,-0.08333333333333333,-0.08333333333333333,0.0,2.155382732550303,3.1677857836087546,3.019362151622772,0.12250084285671185,0.04464077556637566,0.051516080581917124,0.0,0.0,0.0,2.7808435559272766,0.07288589966833488,0.0,2.821807732184728,0.07246985522948522,0.0,0.5435997587111262,3.08395516872406,0.048352998731644586,3.4366772174835205,2.0938780307769775,4.366745471954346,0.0018114360282197595,0.001050665945513174,0.2717154042329639,0.1575998918269761,264.556640625,0.043059349060058594,0.9457881450653076,1.0,1768.7034912109375,396.50555419921875,0.06453540921211243,1.1289145946502686,1.0,1856.5167236328125
symmetric,0.0,42,True,6144,49152,0.21594323099513227,0.16395986141287722,0.08252704869179676,0.8212563637332758,0.8551719010882742,0.9219741673485752,0.6666666666666666,0.625,1.0,5.995300239514714,6.0909808538272046,4.970415323361522,-0.8185887391288947,-0.8183840928670895,-0.8443175485916705,-0.6666666666666666,-0.6666666666666666,-0.625,6.306924084822337,5.134375184774399,0.08252704869179676,0.002872270866186301,0.010854352496603664,0.9219741673485752,0.0,0.0,1.0,3.841275439429511,0.311900263570455,0.3333333333333333,3.908487070985656,0.29918981669102923,0.2777777777777778,5.6855654722344795,0.123243455052337,0.8885730342184247,4.4742937088012695,3.989009380340576,6.000111103057861,0.32322617527097464,0.6312236222438514,0.0,0.0,754.9945068359375,0.12288322299718857,3.192953586578369,1.0,1566.418212890625,1451.638916015625,0.23626935482025146,4.0083489418029785,1.0,1719.8726806640625
symmetric,1.0,42,True,6144,49152,0.21594323099513227,0.16066373048427826,0.10965220265400906,0.8212563637332758,0.8584786830147136,0.899649991048559,0.6666666666666666,0.625,0.875,5.826284096828506,6.017922606260981,4.458580090024043,-0.8180205049920443,-0.8178495296409228,-0.8436505649987219,-0.6666666666666666,-0.6666666666666666,-0.625,6.233865837256114,4.619243820508321,0.10965220265400906,0.0034068340923529457,0.014828118015991668,0.899649991048559,0.0,0.0,0.875,3.6542539534728147,0.3059616477189679,0.2916666666666667,3.691450115086304,0.30013394427877327,0.2916666666666667,5.434262264371177,0.13515796656914367,0.8790643370316363,4.5112104415893555,3.9294285774230957,5.98534631729126,0.2180212619714439,0.3415972092188895,0.10901063098572195,0.17079860460944474,754.9945068359375,0.12288322299718857,3.192953586578369,1.0,1566.418212890625,1520.020751953125,0.2473992109298706,3.8004324436187744,1.0,1729.361083984375
symmetric,10.0,42,True,6144,49152,0.21594323099513227,0.29250614350894466,0.4439213577037056,0.8212563637332758,0.757518904605654,0.6567405273405198,0.6666666666666666,0.375,0.375,4.45226968943219,4.413509971093541,2.755863745949076,-0.8097161186326453,-0.8076849229778602,-0.6952485149835638,-0.6666666666666666,-0.6666666666666666,-0.375,4.629453202088674,3.0483698894580207,0.4439213577037056,0.013571440755415618,0.06227038962209019,0.6567405273405198,0.0,0.0,0.375,2.7072481497501335,0.24419411923934187,0.125,2.789473765322732,0.23644303340973252,0.1111111111111111,3.8738811354916027,0.3682137506063251,0.7071297159730869,4.425455570220947,4.014382839202881,5.908160209655762,0.07403232390061021,0.09035362396389246,0.37016161950305104,0.4517681198194623,754.9945068359375,0.12288322299718857,3.192953586578369,1.0,1566.418212890625,1849.62451171875,0.30104565620422363,4.326714038848877,1.0,1796.4443359375
symmetric,30.0,42,True,6144,49152,0.21594323099513227,0.5533385312495133,1.252298355102539,0.8212563637332758,0.5935265397213494,0.30704353117827515,0.6666666666666666,0.4166666666666667,0.0,3.3817687394136255,3.163281297873861,1.7157224232020476,-0.78656455892283,-0.7792364502879381,-0.47770050298541505,-0.6666666666666666,-0.6666666666666666,-0.4166666666666667,3.3792245288689933,2.269060954451561,1.252298355102539,0.04201991344533778,0.11582603673593432,0.30704353117827515,0.0,0.0,0.0,2.3001946128076978,0.15496316045318242,0.0,2.3534772785173526,0.1526470719233386,0.0,2.753590820163178,0.9028184431760262,0.45028503544981224,4.478206157684326,4.080390453338623,5.947911262512207,0.03457962954416871,0.03918375680223107,0.5186944431625307,0.5877563520334661,754.9945068359375,0.12288322299718857,3.192953586578369,1.0,1566.418212890625,2241.23193359375,0.3647838532924652,5.796322822570801,1.0,1961.767578125
symmetric,50.0,42,True,6144,49152,0.21594323099513227,0.6868484346196055,1.7824891557296116,0.8212563637332758,0.5286571490899282,0.17545507216605183,0.6666666666666666,0.25,0.0,3.0616081815872653,2.835982656669027,1.4250728162005544,-0.7757206120509433,-0.7681890145794354,-0.3959165089663109,-0.6666666666666666,-0.6666666666666666,-0.25,3.0519258876641593,2.11192125082016,1.7824891557296116,0.05306734915384037,0.13274064012361728,0.17545507216605183,0.0,0.0,0.0,2.3154454314046435,0.12042102048116983,0.0,2.325173430972629,0.12001379540884087,0.0,2.440887884818949,1.2346687951746085,0.35205611062799,4.453787326812744,4.089718818664551,5.862975597381592,0.02345146960578859,0.020245363004505634,0.5862867401447147,0.5061340751126409,754.9945068359375,0.12288322299718857,3.192953586578369,1.0,1566.418212890625,2405.87109375,0.39158058166503906,5.922929763793945,1.0,2001.77294921875
symmetric,100.0,42,True,6144,49152,0.21594323099513227,1.1973719764500856,2.425880307952563,0.8212563637332758,0.33418669282882113,0.09510590738570986,0.6666666666666666,0.16666666666666666,0.0,2.172361891658511,2.4046685260448917,1.0952683221548796,-0.7201316954883394,-0.7430112465260919,-0.22275855447213383,-0.6666666666666666,-0.6666666666666666,-0.16666666666666666,2.620611757040024,2.292640298604965,2.425880307952563,0.07824511720718391,0.1114281383566873,0.09510590738570986,0.0,0.0,0.0,2.4463774545325174,0.09492638764986036,0.0,2.45470513155063,0.09604178996889438,0.0,1.8907662466194275,1.8116261422013242,0.2146463001072655,4.236100673675537,3.261545181274414,5.171377658843994,0.013401293195784092,0.007857637712731957,0.6700646597892046,0.39288188563659787,754.9945068359375,0.12288322299718857,3.192953586578369,1.0,1566.418212890625,2718.32373046875,0.44243550300598145,4.448077201843262,1.0,1985.4771728515625
symmetric,300.0,42,True,6144,49152,0.21594323099513227,2.5236357698837915,2.8297670483589172,0.8212563637332758,0.08503009588502648,0.061596349866743234,0.6666666666666666,0.0,0.0,1.3682919255807064,1.9778557928317848,0.21731539070606232,-0.6024465337465914,-0.7051634002126737,-0.01750954684412459,-0.6666666666666666,-0.6666666666666666,0.0,2.193799023826917,2.7409511605898538,2.8297670483589172,0.11609296352060222,0.06752054904090189,0.061596349866743234,0.0,0.0,0.0,2.5881724109252295,0.08173662080941578,0.0,2.6174075686269336,0.07941100671809505,0.0,1.1878210363728512,2.676701409121354,0.07331322287588486,3.0769481658935547,1.6928893327713013,3.604158878326416,0.002917269302997738,0.0014487338776234537,0.4375903954496607,0.21731008164351806,754.9945068359375,0.12288322299718857,3.192953586578369,1.0,1566.418212890625,1543.60693359375,0.2512381076812744,3.601935386657715,1.0,1909.7152099609375
