method,lambda,mean_forgetting_absolute_change,mean_forgetting_percent_change,mean_new_fact_acquisition_nll_absolute_change,mean_new_fact_acquisition_nll_percent_change,final_mean_nll_absolute_change,final_mean_nll_percent_change,final_mean_probability_absolute_change,final_mean_probability_percent_change,total_parameter_displacement_a_c_l2_absolute_change,total_parameter_displacement_a_c_l2_percent_change,forgetting_reduction,plasticity_cost,stability_gain_per_acquisition_cost
combined,0.0,0.0,0.0,0.0,0.0,0.0,0.0,0.0,0.0,0.0,0.0,0.0,0.0,not_applicable
combined,1.0,-0.40274529945519255,-7.662249014467038,0.020472156815230902,5.07109628287626,-0.29497889450026893,-7.45952259575957,-0.0005239742739432951,-0.224555559631468,-0.12603998184204102,-1.8826946440587087,0.40274529945519255,0.020472156815230902,19.6728318901679
combined,10.0,-1.868192294198606,-35.54244974285727,0.2832513192358117,70.16333086252402,-1.327226671597196,-33.56334141548227,-0.05040204157114442,-21.60040905520048,-0.17622661590576172,-2.6323465066995295,1.868192294198606,0.2832513192358117,6.595529013735336
combined,30.0,-2.6872549732215703,-51.125157259543414,0.8176117762147138,202.52814965317214,-1.5758283135170736,-39.85006090565436,-0.10530389986691957,-45.12926939720565,-0.07309293746948242,-1.0918097565641816,2.6872549732215703,0.8176117762147138,3.286712656785251
combined,50.0,-3.0871021890909307,-58.73227009208747,1.174596167712783,290.95567769085653,-1.542881726908187,-39.016896866313516,-0.12994725033377005,-55.69047751460432,-0.48832130432128906,-7.2941926108624555,3.0871021890909307,1.174596167712783,2.62822429865598
combined,100.0,-3.699049408081919,-70.37459585470313,1.9611367635273687,485.78727886338976,-1.3738023619064026,-34.74116267914664,-0.15491710265728303,-66.3916119810426,-1.5515098571777344,-23.175338933113824,3.699049408081919,1.9611367635273687,1.8861761590908532
combined,300.0,-4.151731527358708,-78.98689530794931,2.5790068335675946,638.838012294192,-1.1986603667545652,-30.31211472127536,-0.16349835006514032,-70.0692101186489,-2.9856886863708496,-44.59807131440043,4.151731527358708,2.5790068335675946,1.6098179629929594
lora,0.0,0.0,0.0,0.0,0.0,0.0,0.0,0.0,0.0,0.0,0.0,0.0,0.0,not_applicable
lora,1.0,-0.34410022311688726,-8.026944343629005,0.056974753718047166,11.29533264607305,-0.24365456847267009,-6.494957419510664,-0.01343932540425069,-5.891580049875363,-0.052524566650390625,-0.6029436251651564,0.34410022311688726,0.056974753718047166,6.0395210275018885
lora,10.0,-2.0932728688995765,-48.83049671542308,0.5584019854723011,110.70405336634913,-1.2605051051618323,-33.60054784287869,-0.0777282060464434,-34.074771930962115,-0.2470378875732422,-2.8358143433715557,2.0932728688995765,0.5584019854723011,3.7486845021316832
lora,30.0,-3.0568475298415354,-71.30813449273118,1.5374650968296923,304.8048226124657,-1.2068671614138617,-32.170752526924026,-0.14048264318081383,-61.58528892053331,-0.9091906547546387,-10.43684401992048,3.0568475298415354,1.5374650968296923,1.9882386508447336
lora,50.0,-3.2769740767608813,-76.44310222007444,1.863554020790616,369.452453852194,-1.1278598769050507,-30.064701522288544,-0.1502315975764454,-65.85907078805779,-1.637359619140625,-18.79569137685301,3.2769740767608813,1.863554020790616,1.7584540293447566
lora,100.0,-3.5162849183543585,-82.02558859249778,2.2239943780684066,440.91030963635075,-1.0599349485710263,-28.254066408741366,-0.15500454581496056,-67.95145308964486,-2.746467113494873,-31.527434558951597,3.5162849183543585,2.2239943780684066,1.581067359265691
lora,300.0,-3.7432148544984454,-87.31926132200691,2.5795454669181104,511.3988604268522,-0.9705985665528312,-25.872678688993364,-0.15522481580153302,-68.04801584256892,-4.344610691070557,-49.87295444894252,3.7432148544984454,2.5795454669181104,1.4511141216559438
symmetric,0.0,0.0,0.0,0.0,0.0,0.0,0.0,0.0,0.0,0.0,0.0,0.0,0.0,not_applicable
symmetric,1.0,-0.2513032078633026,-4.420021352151243,0.01191451151680667,9.667459835288625,-0.18702148595669632,-4.868734067778069,-0.005938615851487139,-1.9040111680270086,-0.014764785766601562,-0.2460752061587147,0.2513032078633026,0.01191451151680667,21.09219563964608
symmetric,10.0,-1.8116843367428768,-31.864628867440835,0.2449702955539881,198.76941574703352,-1.1340272896793775,-29.522155012341372,-0.06770614433111316,-21.707626520110022,-0.09195089340209961,-1.5324865127120446,1.8116843367428768,0.2449702955539881,7.39552659903456
symmetric,30.0,-2.9319746520713017,-51.56874309845927,0.7795749881236892,632.5487935993292,-1.5410808266218132,-40.11898784458653,-0.1569371031172726,-50.316438120553926,-0.0521998405456543,-0.8699812328316967,2.9319746520713017,0.7795749881236892,3.760991176907933
symmetric,50.0,-3.2446775874155307,-57.06868742011589,1.1114253401222716,901.8128708338222,-1.5258300080248675,-39.72196298038645,-0.1914792430892852,-61.3911770696635,-0.13713550567626953,-2.2855494393492246,3.2446775874155307,1.1114253401222716,2.9193842089821103
symmetric,100.0,-3.7947992256150522,-66.74444686543485,1.6883826871489873,1369.9572820576905,-1.3948979848969936,-36.31340701525318,-0.21697387592059467,-69.56514670324493,-0.8287334442138672,-13.811968311578703,3.7947992256150522,1.6883826871489873,2.2475942536599756
symmetric,300.0,-4.4977444358616285,-79.10812843201634,2.553457954069017,2071.8811826434567,-1.2531030285042815,-32.622056092139715,-0.23016364276103923,-73.79398790057375,-2.3959522247314453,-39.931797654719865,4.4977444358616285,2.553457954069017,1.7614327381793495
