lambda,method,mean_forgetting,mean_new_fact_acquisition_nll,acquisition_b_nll,acquisition_c_nll,final_mean_nll,final_mean_probability,final_mean_exact_match
0.0,combined,5.256228278339323,0.4037027828550587,0.4109745626337826,0.3964310030763348,3.9543937391911945,0.2333383661501063,0.06944444444444445
1.0,combined,4.853482978884131,0.4241749396702896,0.43701416176433366,0.4113357175762455,3.6594148446909256,0.232814391876163,0.05555555555555555
10.0,combined,3.3880359841407173,0.6869541020908704,0.5464612616536518,0.8274469425280889,2.6271670675939984,0.1829363245789619,0.027777777777777776
30.0,combined,2.568973305117753,1.2213145590697725,0.7950377011050781,1.647591417034467,2.378565425674121,0.12803446628318674,0.013888888888888888
50.0,combined,2.1691260892483926,1.5782989505678415,1.0626019823054473,2.093995918830236,2.4115120122830076,0.10339111581633625,0.0
100.0,combined,1.5571788702574043,2.364839546382427,2.016888454556465,2.7127906382083893,2.580591377284792,0.07842126349282327,0.0
300.0,combined,1.1044967509806154,2.982709616422653,2.922180712223053,3.0432385206222534,2.7557333724366293,0.06984001608496598,0.0
0.0,lora,4.286814613209572,0.5044097018059498,0.5603538734721951,0.4484655301397045,3.7514421224801078,0.22811071546986791,0.08333333333333333
1.0,lora,3.9427143900926844,0.561384455523997,0.587015546062806,0.5357533649851879,3.5077875540074377,0.21467139006561722,0.08333333333333333
10.0,lora,2.193541744309995,1.062811687278251,0.9439919597158829,1.1816314148406188,2.4909370173182754,0.15038250942342452,0.013888888888888888
30.0,lora,1.2299670833680365,2.041874798635642,1.879688635468483,2.2040609618028006,2.544574961066246,0.0876280722890541,0.0
50.0,lora,1.0098405364486907,2.3679637225965657,2.236090558270613,2.4998368869225183,2.623582245575057,0.0778791178934225,0.0
100.0,lora,0.7705296948552132,2.7284040798743563,2.696960190931956,2.759847968816757,2.6915071739090815,0.07310616965490735,0.0
300.0,lora,0.5435997587111262,3.08395516872406,3.148548185825348,3.019362151622772,2.7808435559272766,0.07288589966833488,0.0
0.0,symmetric,5.6855654722344795,0.123243455052337,0.16395986141287722,0.08252704869179676,3.841275439429511,0.311900263570455,0.3333333333333333
1.0,symmetric,5.434262264371177,0.13515796656914367,0.16066373048427826,0.10965220265400906,3.6542539534728147,0.3059616477189679,0.2916666666666667
10.0,symmetric,3.8738811354916027,0.3682137506063251,0.29250614350894466,0.4439213577037056,2.7072481497501335,0.24419411923934187,0.125
30.0,symmetric,2.753590820163178,0.9028184431760262,0.5533385312495133,1.252298355102539,2.3001946128076978,0.15496316045318242,0.0
50.0,symmetric,2.440887884818949,1.2346687951746085,0.6868484346196055,1.7824891557296116,2.3154454314046435,0.12042102048116983,0.0
100.0,symmetric,1.8907662466194275,1.8116261422013242,1.1973719764500856,2.425880307952563,2.4463774545325174,0.09492638764986036,0.0
300.0,symmetric,1.1878210363728512,2.676701409121354,2.5236357698837915,2.8297670483589172,2.5881724109252295,0.08173662080941578,0.0
