method,lambda_value,seed,canonical_run_id,source_directory,a_theta_a,a_theta_b,a_theta_c,b_theta_b,b_theta_c
combined,0,42,4de47c62df6dcc0b74940d9f,results_ewc_lambda_sweep/combined_lambda_0_seed_42,0.5090576503425837,5.731024483839671,6.816487828890483,0.4109745626337826,4.650262385606766
combined,0,123,89e66773e12a17b424a3968b,results_ewc_confirmation/combined_lambda_0_seed_123,0.3528498761976759,6.084448873996735,6.600401004155477,0.2491498892001497,5.116845697164536
combined,0,456,164018ca724dd632767eeabc,results_ewc_confirmation/combined_lambda_0_seed_456,0.2588757385189335,6.472929735978444,6.486738920211792,0.2398470646391312,4.978205015261968
combined,10,42,9aabddbd7b10647527446519,results_ewc_lambda_sweep/combined_lambda_10_seed_42,0.5090576503425837,4.674630254507065,4.299865593512853,0.5464612616536518,2.754188666741053
combined,10,123,024ef8d9a9bc757e74ba57e6,results_ewc_confirmation/combined_lambda_10_seed_123,0.3528498761976759,4.443631688753764,5.2193650007247925,0.5032466665531198,3.8965389827887216
combined,10,456,1a0b1c6cbfeeba5caa4dc2e4,results_ewc_confirmation/combined_lambda_10_seed_456,0.2588757385189335,5.365377575159073,5.115952084461848,0.4411665629595518,3.365124930938085
combined,30,42,3cd98ef3ae00086cee8c127e,results_ewc_lambda_sweep/combined_lambda_30_seed_42,0.5090576503425837,4.031968057155609,3.478747566541036,0.7950377011050781,2.009357293446859
combined,30,123,6ae0f47222234e36814c001c,results_ewc_confirmation/combined_lambda_30_seed_123,0.3528498761976759,3.5263188630342484,3.5078465342521667,1.0032853859787183,2.2847657750050225
combined,30,456,203b18f47f22cf77c1c97653,results_ewc_confirmation/combined_lambda_30_seed_456,0.2588757385189335,4.428606788317363,3.370554347832998,0.5386954732239246,2.639081080754598
lora,0,42,ba708d366746bc458dafb99a,results_ewc_lambda_sweep/lora_lambda_0_seed_42,1.253896461178859,5.1227297981580096,6.489854554335277,0.5603538734721951,4.316006282965343
lora,0,123,9dc7f3743b37a17ab717aa34,results_ewc_confirmation/lora_lambda_0_seed_123,1.0803303259114423,5.107993026574452,6.047673364480336,0.4787296342353026,4.32768256465594
lora,0,456,805f3127272e39c471bb1a94,results_ewc_confirmation/lora_lambda_0_seed_456,0.8082882265249888,5.907700856526692,6.250495811303456,0.334797157595555,4.451145122448604
lora,1,42,b67883d20750f2e7a925fdc5,results_ewc_lambda_sweep/lora_lambda_1_seed_42,1.253896461178859,4.935342341661453,6.177997032801311,0.587015546062806,3.809612264235815
lora,1,123,8c823e20cf6154a86ffac27b,results_ewc_confirmation/lora_lambda_1_seed_123,1.0803303259114423,4.904219220081965,5.691181302070618,0.5050990283489227,3.903542548418045
lora,1,456,26f9af5214412b42c6fab10e,results_ewc_confirmation/lora_lambda_1_seed_456,0.8082882265249888,5.687464276949565,6.0836803913116455,0.3584619803975026,4.202226102352142
lora,10,42,5a7c5b90269865eb07dcf729,results_ewc_lambda_sweep/lora_lambda_10_seed_42,1.253896461178859,3.741230477889379,3.7258553405602775,0.9439919597158828,2.56532429655393
lora,10,123,349b147d4dc952a6d61e2c6f,results_ewc_confirmation/lora_lambda_10_seed_123,1.0803303259114423,3.357324649890264,3.535593092441559,0.9567975190778574,2.5786651770273843
lora,10,456,e230693b443f1a1eeac51b83,results_ewc_confirmation/lora_lambda_10_seed_456,0.8082882265249888,4.403440127770106,4.782435099283855,0.5926473221431175,2.974306086699168
symmetric,0,42,50af38603bb410ea320e8124,results_ewc_lambda_sweep/symmetric_lambda_0_seed_42,0.2159432309951322,6.211243470509847,6.306924084822337,0.1639598614128772,5.134375184774399
symmetric,0,123,627c367ae9601d2ea6e2cc7f,results_ewc_confirmation/symmetric_lambda_0_seed_123,0.2439711150558044,6.2868576645851135,6.858969569206238,0.1944734689313918,5.1678986847400665
symmetric,0,456,8d61ca0bb8be4178db568d73,results_ewc_confirmation/symmetric_lambda_0_seed_456,0.2597519285045564,5.737570732831955,6.632906277974446,0.1249958139378577,5.615621785322825
symmetric,10,42,74eb412d168e9a2432c0a66e,results_ewc_lambda_sweep/symmetric_lambda_10_seed_42,0.2159432309951322,4.668212920427322,4.629453202088674,0.2925061435089446,3.0483698894580207
symmetric,10,123,748a02464544bbce9e7e87ca,results_ewc_confirmation/symmetric_lambda_10_seed_123,0.2439711150558044,5.171806971232097,5.565262218316396,0.2602078678707282,3.640230347712835
symmetric,10,456,696eb55785498d5463d2bd89,results_ewc_confirmation/symmetric_lambda_10_seed_456,0.2597519285045564,4.969055871168773,5.147691905498505,0.1800925703719258,3.828249504168829
symmetric,30,42,ce99179bd6c1c05fbc51aca0,results_ewc_lambda_sweep/symmetric_lambda_30_seed_42,0.2159432309951322,3.5977119704087577,3.3792245288689933,0.5533385312495133,2.269060954451561
symmetric,30,123,28279e69b073d8d31a6dbb9c,results_ewc_confirmation/symmetric_lambda_30_seed_123,0.2439711150558044,4.501077890396118,4.39575931429863,0.374192399593691,2.634187936782837
symmetric,30,456,e319052e864f90d9264b0774,results_ewc_confirmation/symmetric_lambda_30_seed_456,0.2597519285045564,3.991744617621104,3.488206138213476,0.3128250060447802,2.346087937553724
