method,lambda_value,seed,f_a_b,f_a_c,f_b_c,reported_f_a_b,reported_f_a_c,reported_f_b_c,error_f_a_b,error_f_a_c,error_f_b_c
combined,0,42,5.2219668334970875,6.307430178547899,4.239287822972983,5.221966833497088,6.307430178547899,4.239287822972983,-8.881784197001252e-16,0.0,0.0
combined,0,123,5.7315989977990585,6.2475511279578,4.867695807964386,5.7315989977990585,6.2475511279578,4.8676958079643855,0.0,0.0,8.881784197001252e-16
combined,0,456,6.21405399745951,6.227863181692858,4.738357950622836,6.21405399745951,6.227863181692858,4.738357950622836,0.0,0.0,0.0
combined,10,42,4.165572604164481,3.790807943170269,2.207727405087401,4.165572604164481,3.790807943170269,2.207727405087401,0.0,0.0,0.0
combined,10,123,4.090781812556088,4.866515124527116,3.393292316235602,4.090781812556088,4.866515124527116,3.393292316235602,0.0,0.0,0.0
combined,10,456,5.106501836640139,4.8570763459429145,2.9239583679785333,5.106501836640139,4.8570763459429145,2.9239583679785333,0.0,0.0,0.0
combined,30,42,3.5229104068130255,2.9696899161984525,1.2143195923417807,3.522910406813025,2.9696899161984525,1.2143195923417809,4.440892098500626e-16,0.0,-2.220446049250313e-16
combined,30,123,3.1734689868365726,3.154996658054491,1.2814803890263042,3.1734689868365726,3.154996658054491,1.281480389026304,0.0,0.0,2.220446049250313e-16
combined,30,456,4.169731049798429,3.1116786093140645,2.1003856075306735,4.169731049798429,3.1116786093140645,2.100385607530673,0.0,0.0,4.440892098500626e-16
lora,0,42,3.8688333369791508,5.235958093156418,3.7556524094931483,3.868833336979151,5.235958093156418,3.7556524094931474,-4.440892098500626e-16,0.0,8.881784197001252e-16
lora,0,123,4.02766270066301,4.9673430385688935,3.8489529304206376,4.02766270066301,4.9673430385688935,3.8489529304206376,0.0,0.0,0.0
lora,0,456,5.099412630001703,5.442207584778467,4.116347964853048,5.099412630001703,5.442207584778467,4.116347964853048,0.0,0.0,0.0
lora,1,42,3.6814458804825945,4.924100571622453,3.222596718173009,3.6814458804825945,4.924100571622452,3.2225967181730084,0.0,8.881784197001252e-16,4.440892098500626e-16
lora,1,123,3.823888894170523,4.610850976159176,3.3984435200691223,3.8238888941705222,4.610850976159175,3.3984435200691223,8.881784197001252e-16,8.881784197001252e-16,0.0
lora,1,456,4.879176050424576,5.275392164786656,3.84376412195464,4.879176050424576,5.275392164786656,3.84376412195464,0.0,0.0,0.0
lora,10,42,2.48733401671052,2.4719588793814182,1.621332336838047,2.48733401671052,2.4719588793814182,1.621332336838047,0.0,0.0,0.0
lora,10,123,2.2769943239788217,2.4552627665301165,1.6218676579495268,2.2769943239788217,2.455262766530116,1.6218676579495268,0.0,4.440892098500626e-16,0.0
lora,10,456,3.5951519012451176,3.9741468727588667,2.3816587645560507,3.5951519012451176,3.974146872758866,2.3816587645560503,0.0,8.881784197001252e-16,4.440892098500626e-16
symmetric,0,42,5.995300239514714,6.0909808538272046,4.970415323361522,5.995300239514714,6.0909808538272046,4.970415323361522,0.0,0.0,0.0
symmetric,0,123,6.042886549529309,6.614998454150434,4.973425215808675,6.042886549529309,6.614998454150434,4.973425215808675,0.0,0.0,0.0
symmetric,0,456,5.4778188043273985,6.37315434946989,5.490625971384968,5.477818804327399,6.37315434946989,5.490625971384968,-8.881784197001252e-16,0.0,0.0
symmetric,10,42,4.45226968943219,4.413509971093541,2.755863745949076,4.45226968943219,4.413509971093541,2.755863745949076,0.0,0.0,0.0
symmetric,10,123,4.9278358561762925,5.321291103260592,3.380022479842107,4.9278358561762925,5.321291103260592,3.380022479842107,0.0,0.0,0.0
symmetric,10,456,4.709303942664216,4.887939976993948,3.648156933796903,4.709303942664216,4.887939976993948,3.648156933796903,0.0,0.0,0.0
symmetric,30,42,3.3817687394136255,3.163281297873861,1.7157224232020476,3.381768739413625,3.163281297873861,1.7157224232020476,4.440892098500626e-16,0.0,0.0
symmetric,30,123,4.257106775340314,4.151788199242826,2.259995537189146,4.257106775340314,4.151788199242826,2.259995537189146,0.0,0.0,0.0
symmetric,30,456,3.731992689116548,3.2284542097089197,2.0332629315089434,3.7319926891165474,3.2284542097089197,2.0332629315089434,4.440892098500626e-16,0.0,0.0
