experiment_family,model,dataset,adapter,formulation,rank,placement,layers,adapted_layers,trainable_parameters,steps,seed,best_validation_loss,final_validation_loss,test_loss,parameter_budget,source_result_file
results,gpt2,NOT AVAILABLE,quadratic,NOT AVAILABLE,4,attn.c_proj,0,1,6144,20,42,3.8297276496887207,NOT AVAILABLE,NOT AVAILABLE,NOT AVAILABLE,results/quadratic/r4_seed42/summary.json
results,gpt2,NOT AVAILABLE,quadratic,NOT AVAILABLE,4,attn.c_proj,0,1,6144,500,456,3.6288013458251953,NOT AVAILABLE,NOT AVAILABLE,NOT AVAILABLE,results/quadratic/r456_steps500_final/summary.json
results,gpt2,NOT AVAILABLE,quadratic,NOT AVAILABLE,4,attn.c_proj,0,1,6144,50,42,3.821232795715332,NOT AVAILABLE,NOT AVAILABLE,NOT AVAILABLE,results/quadratic/speed50_seed42/summary.json
results,gpt2,NOT AVAILABLE,quadratic,NOT AVAILABLE,4,attn.c_proj,0,1,6144,500,123,3.634280204772949,NOT AVAILABLE,NOT AVAILABLE,NOT AVAILABLE,results/quadratic/r123_steps500_final/summary.json
results,gpt2,NOT AVAILABLE,quadratic,NOT AVAILABLE,4,attn.c_proj,0,1,6144,500,42,3.642279624938965,NOT AVAILABLE,NOT AVAILABLE,NOT AVAILABLE,results/quadratic/r42_steps500_final/summary.json
results,gpt2,NOT AVAILABLE,baseline,NOT AVAILABLE,NOT AVAILABLE,attn.c_proj,0,1,0,500,42,3.829357147216797,NOT AVAILABLE,NOT AVAILABLE,NOT AVAILABLE,results/baseline/r42_steps500/summary.json
results,gpt2,NOT AVAILABLE,baseline,NOT AVAILABLE,NOT AVAILABLE,attn.c_proj,0,1,0,500,123,3.829357147216797,NOT AVAILABLE,NOT AVAILABLE,NOT AVAILABLE,results/baseline/r123_steps500/summary.json
results,gpt2,NOT AVAILABLE,baseline,NOT AVAILABLE,NOT AVAILABLE,attn.c_proj,0,1,0,500,456,3.829357147216797,NOT AVAILABLE,NOT AVAILABLE,NOT AVAILABLE,results/baseline/r456_steps500/summary.json
results,gpt2,NOT AVAILABLE,baseline,NOT AVAILABLE,NOT AVAILABLE,attn.c_proj,0,1,0,50,42,3.829357147216797,NOT AVAILABLE,NOT AVAILABLE,NOT AVAILABLE,results/baseline/speed50_seed42/summary.json
results,gpt2,NOT AVAILABLE,baseline,NOT AVAILABLE,NOT AVAILABLE,attn.c_proj,0,1,0,20,42,3.829357147216797,NOT AVAILABLE,NOT AVAILABLE,NOT AVAILABLE,results/baseline/seed42/summary.json
results,gpt2,NOT AVAILABLE,lora,NOT AVAILABLE,4,attn.c_proj,0,1,6144,20,42,3.8279619216918945,NOT AVAILABLE,NOT AVAILABLE,NOT AVAILABLE,results/lora/r4_seed42/summary.json
results,gpt2,NOT AVAILABLE,lora,NOT AVAILABLE,4,attn.c_proj,0,1,6144,500,42,3.5686259269714355,NOT AVAILABLE,NOT AVAILABLE,NOT AVAILABLE,results/lora/r42_steps500/summary.json
results,gpt2,NOT AVAILABLE,lora,NOT AVAILABLE,4,attn.c_proj,0,1,6144,500,456,3.56811261177063,NOT AVAILABLE,NOT AVAILABLE,NOT AVAILABLE,results/lora/r456_steps500_final/summary.json
results,gpt2,NOT AVAILABLE,lora,NOT AVAILABLE,4,attn.c_proj,0,1,6144,50,42,3.8000783920288086,NOT AVAILABLE,NOT AVAILABLE,NOT AVAILABLE,results/lora/speed50_seed42/summary.json
results,gpt2,NOT AVAILABLE,lora,NOT AVAILABLE,4,attn.c_proj,0,1,6144,500,123,3.5828969478607178,NOT AVAILABLE,NOT AVAILABLE,NOT AVAILABLE,results/lora/r123_steps500_final/summary.json
results,gpt2,NOT AVAILABLE,signed_quadratic,NOT AVAILABLE,4,attn.c_proj,0,1,6144,20,42,3.8276193141937256,NOT AVAILABLE,NOT AVAILABLE,NOT AVAILABLE,results/signed_quadratic/r4_seed42/summary.json
results,gpt2,NOT AVAILABLE,signed_quadratic,NOT AVAILABLE,4,attn.c_proj,0,1,6144,500,456,3.6337599754333496,NOT AVAILABLE,NOT AVAILABLE,NOT AVAILABLE,results/signed_quadratic/r456_steps500_final/summary.json
results,gpt2,NOT AVAILABLE,signed_quadratic,NOT AVAILABLE,4,attn.c_proj,0,1,6144,50,42,3.8128652572631836,NOT AVAILABLE,NOT AVAILABLE,NOT AVAILABLE,results/signed_quadratic/speed50_seed42/summary.json
results,gpt2,NOT AVAILABLE,signed_quadratic,NOT AVAILABLE,4,attn.c_proj,0,1,6144,500,123,3.626218318939209,NOT AVAILABLE,NOT AVAILABLE,NOT AVAILABLE,results/signed_quadratic/r123_steps500_final/summary.json
results,gpt2,NOT AVAILABLE,signed_quadratic,NOT AVAILABLE,4,attn.c_proj,0,1,6144,500,42,3.6172468662261963,NOT AVAILABLE,NOT AVAILABLE,NOT AVAILABLE,results/signed_quadratic/r42_steps500_final/summary.json
results,gpt2,NOT AVAILABLE,feature_interaction,NOT AVAILABLE,3,attn.c_proj,0,1,6912,20,42,3.8283982276916504,NOT AVAILABLE,NOT AVAILABLE,NOT AVAILABLE,results/feature_interaction/r3_seed42/summary.json
results,gpt2,NOT AVAILABLE,feature_interaction,NOT AVAILABLE,3,attn.c_proj,0,1,6912,500,456,3.571742057800293,NOT AVAILABLE,NOT AVAILABLE,NOT AVAILABLE,results/feature_interaction/r456_steps500_final/summary.json
results,gpt2,NOT AVAILABLE,feature_interaction,NOT AVAILABLE,3,attn.c_proj,0,1,6912,50,42,3.7657742500305176,NOT AVAILABLE,NOT AVAILABLE,NOT AVAILABLE,results/feature_interaction/speed50_seed42/summary.json
results,gpt2,NOT AVAILABLE,feature_interaction,NOT AVAILABLE,3,attn.c_proj,0,1,6912,500,123,3.5885396003723145,NOT AVAILABLE,NOT AVAILABLE,NOT AVAILABLE,results/feature_interaction/r123_steps500_final/summary.json
results,gpt2,NOT AVAILABLE,feature_interaction,NOT AVAILABLE,3,attn.c_proj,0,1,6912,500,42,3.5139856338500977,NOT AVAILABLE,NOT AVAILABLE,NOT AVAILABLE,results/feature_interaction/r42_steps500_final/summary.json
results_extended,gpt2,NOT AVAILABLE,symmetric_quadratic,NOT AVAILABLE,4,attn.c_proj,0,1,6144,20,42,3.825410842895508,NOT AVAILABLE,NOT AVAILABLE,NOT AVAILABLE,results_extended/symmetric_quadratic/r4_seed42/summary.json
results_extended,gpt2,NOT AVAILABLE,symmetric_quadratic,NOT AVAILABLE,4,attn.c_proj,0,1,6144,500,42,3.543552875518799,NOT AVAILABLE,NOT AVAILABLE,NOT AVAILABLE,results_extended/symmetric_quadratic/r42_steps500/summary.json
results_extended,gpt2,NOT AVAILABLE,symmetric_quadratic,NOT AVAILABLE,4,attn.c_proj,0,1,6144,500,123,3.561680793762207,NOT AVAILABLE,NOT AVAILABLE,NOT AVAILABLE,results_extended/symmetric_quadratic/r123_steps500/summary.json
results_extended,gpt2,NOT AVAILABLE,symmetric_quadratic,NOT AVAILABLE,4,attn.c_proj,0,1,6144,500,456,3.55271315574646,NOT AVAILABLE,NOT AVAILABLE,NOT AVAILABLE,results_extended/symmetric_quadratic/r456_steps500/summary.json
results_extended,gpt2,NOT AVAILABLE,symmetric_quadratic,NOT AVAILABLE,4,attn.c_proj,0,1,6144,2000,42,3.3634390830993652,NOT AVAILABLE,NOT AVAILABLE,NOT AVAILABLE,results_extended/symmetric_quadratic/r42_steps2000/summary.json
results_extended,gpt2,NOT AVAILABLE,symmetric_quadratic,NOT AVAILABLE,4,attn.c_proj,0,1,6144,1000,42,3.478013753890991,NOT AVAILABLE,NOT AVAILABLE,NOT AVAILABLE,results_extended/symmetric_quadratic/r42_steps1000/summary.json
results_extended,gpt2,NOT AVAILABLE,symmetric_quadratic,NOT AVAILABLE,4,attn.c_proj,0,1,6144,1000,123,3.462110757827759,NOT AVAILABLE,NOT AVAILABLE,NOT AVAILABLE,results_extended/symmetric_quadratic/r123_steps1000/summary.json
results_extended,gpt2,NOT AVAILABLE,symmetric_quadratic,NOT AVAILABLE,4,attn.c_proj,0,1,6144,2000,456,3.407546043395996,NOT AVAILABLE,NOT AVAILABLE,NOT AVAILABLE,results_extended/symmetric_quadratic/r456_steps2000/summary.json
results_extended,gpt2,NOT AVAILABLE,symmetric_quadratic,NOT AVAILABLE,4,attn.c_proj,0,1,6144,2000,123,3.364341974258423,NOT AVAILABLE,NOT AVAILABLE,NOT AVAILABLE,results_extended/symmetric_quadratic/r123_steps2000/summary.json
results_extended,gpt2,NOT AVAILABLE,symmetric_quadratic,NOT AVAILABLE,4,attn.c_proj,0,1,6144,1000,456,3.490832567214966,NOT AVAILABLE,NOT AVAILABLE,NOT AVAILABLE,results_extended/symmetric_quadratic/r456_steps1000/summary.json
results_extended,gpt2,NOT AVAILABLE,linear_quadratic,NOT AVAILABLE,NOT AVAILABLE,attn.c_proj,0,1,6144,500,42,3.533374547958374,NOT AVAILABLE,NOT AVAILABLE,NOT AVAILABLE,results_extended/linear_quadratic/r42_steps500/summary.json
results_extended,gpt2,NOT AVAILABLE,linear_quadratic,NOT AVAILABLE,NOT AVAILABLE,attn.c_proj,0,1,6912,20,42,3.8232884407043457,NOT AVAILABLE,NOT AVAILABLE,NOT AVAILABLE,results_extended/linear_quadratic/l3_q1_seed42/summary.json
results_extended,gpt2,NOT AVAILABLE,linear_quadratic,NOT AVAILABLE,NOT AVAILABLE,attn.c_proj,0,1,6144,500,123,3.5117950439453125,NOT AVAILABLE,NOT AVAILABLE,NOT AVAILABLE,results_extended/linear_quadratic/r123_steps500/summary.json
results_extended,gpt2,NOT AVAILABLE,linear_quadratic,NOT AVAILABLE,NOT AVAILABLE,attn.c_proj,0,1,6144,500,456,3.5454370975494385,NOT AVAILABLE,NOT AVAILABLE,NOT AVAILABLE,results_extended/linear_quadratic/r456_steps500/summary.json
results_extended,gpt2,NOT AVAILABLE,linear_quadratic,NOT AVAILABLE,NOT AVAILABLE,attn.c_proj,0,1,6144,2000,42,3.4191102981567383,NOT AVAILABLE,NOT AVAILABLE,NOT AVAILABLE,results_extended/linear_quadratic/r42_steps2000/summary.json
results_extended,gpt2,NOT AVAILABLE,linear_quadratic,NOT AVAILABLE,NOT AVAILABLE,attn.c_proj,0,1,6144,1000,42,3.484236717224121,NOT AVAILABLE,NOT AVAILABLE,NOT AVAILABLE,results_extended/linear_quadratic/r42_steps1000/summary.json
results_extended,gpt2,NOT AVAILABLE,linear_quadratic,NOT AVAILABLE,NOT AVAILABLE,attn.c_proj,0,1,6144,1000,123,3.492114305496216,NOT AVAILABLE,NOT AVAILABLE,NOT AVAILABLE,results_extended/linear_quadratic/r123_steps1000/summary.json
results_extended,gpt2,NOT AVAILABLE,linear_quadratic,NOT AVAILABLE,NOT AVAILABLE,attn.c_proj,0,1,5376,20,42,3.812690258026123,NOT AVAILABLE,NOT AVAILABLE,NOT AVAILABLE,results_extended/linear_quadratic/l2_q1_seed42/summary.json
results_extended,gpt2,NOT AVAILABLE,linear_quadratic,NOT AVAILABLE,NOT AVAILABLE,attn.c_proj,0,1,6144,2000,456,3.444941997528076,NOT AVAILABLE,NOT AVAILABLE,NOT AVAILABLE,results_extended/linear_quadratic/r456_steps2000/summary.json
results_extended,gpt2,NOT AVAILABLE,linear_quadratic,NOT AVAILABLE,NOT AVAILABLE,attn.c_proj,0,1,6144,2000,123,3.443798542022705,NOT AVAILABLE,NOT AVAILABLE,NOT AVAILABLE,results_extended/linear_quadratic/r123_steps2000/summary.json
results_extended,gpt2,NOT AVAILABLE,linear_quadratic,NOT AVAILABLE,NOT AVAILABLE,attn.c_proj,0,1,6144,1000,456,3.5020086765289307,NOT AVAILABLE,NOT AVAILABLE,NOT AVAILABLE,results_extended/linear_quadratic/r456_steps1000/summary.json
results_extended,gpt2,NOT AVAILABLE,linear_quadratic,NOT AVAILABLE,NOT AVAILABLE,attn.c_proj,0,1,6144,20,42,3.7908987998962402,NOT AVAILABLE,NOT AVAILABLE,NOT AVAILABLE,results_extended/linear_quadratic/l1_q2_seed42/summary.json
results_extended,gpt2,NOT AVAILABLE,lora,NOT AVAILABLE,4,attn.c_proj,0,1,6144,2000,42,3.4750001430511475,NOT AVAILABLE,NOT AVAILABLE,NOT AVAILABLE,results_extended/lora/r42_steps2000/summary.json
results_extended,gpt2,NOT AVAILABLE,lora,NOT AVAILABLE,4,attn.c_proj,0,1,6144,1000,42,3.552980899810791,NOT AVAILABLE,NOT AVAILABLE,NOT AVAILABLE,results_extended/lora/r42_steps1000/summary.json
results_extended,gpt2,NOT AVAILABLE,lora,NOT AVAILABLE,4,attn.c_proj,0,1,6144,1000,123,3.552021026611328,NOT AVAILABLE,NOT AVAILABLE,NOT AVAILABLE,results_extended/lora/r123_steps1000/summary.json
results_extended,gpt2,NOT AVAILABLE,lora,NOT AVAILABLE,4,attn.c_proj,0,1,6144,2000,456,3.4569711685180664,NOT AVAILABLE,NOT AVAILABLE,NOT AVAILABLE,results_extended/lora/r456_steps2000/summary.json
results_extended,gpt2,NOT AVAILABLE,lora,NOT AVAILABLE,4,attn.c_proj,0,1,6144,2000,123,3.447300910949707,NOT AVAILABLE,NOT AVAILABLE,NOT AVAILABLE,results_extended/lora/r123_steps2000/summary.json
results_extended,gpt2,NOT AVAILABLE,lora,NOT AVAILABLE,4,attn.c_proj,0,1,6144,1000,456,3.5421838760375977,NOT AVAILABLE,NOT AVAILABLE,NOT AVAILABLE,results_extended/lora/r456_steps1000/summary.json
results_depth,gpt2,NOT AVAILABLE,symmetric_quadratic,NOT AVAILABLE,4,attn.c_proj,6,1,6144,20,42,3.8205320835113525,NOT AVAILABLE,NOT AVAILABLE,NOT AVAILABLE,results_depth/screen/attn_layer6_symmetric_quadratic/summary.json
results_depth,gpt2,NOT AVAILABLE,lora,NOT AVAILABLE,4,attn.c_proj,9,1,6144,20,42,3.827272415161133,NOT AVAILABLE,NOT AVAILABLE,NOT AVAILABLE,results_depth/screen/attn_layer9_lora/summary.json
results_depth,gpt2,NOT AVAILABLE,symmetric_quadratic,NOT AVAILABLE,4,attn.c_proj,0,1,6144,20,42,3.825410842895508,NOT AVAILABLE,NOT AVAILABLE,NOT AVAILABLE,results_depth/screen/attn_layer0_symmetric_quadratic/summary.json
results_depth,gpt2,NOT AVAILABLE,lora,NOT AVAILABLE,2,"mlp.c_fc,mlp.c_proj",0,1,15360,20,42,3.8192758560180664,NOT AVAILABLE,NOT AVAILABLE,NOT AVAILABLE,results_depth/screen/mlp_both_layer0_lora/summary.json
results_depth,gpt2,NOT AVAILABLE,symmetric_quadratic,NOT AVAILABLE,4,mlp.c_proj,0,1,15360,20,42,3.8217756748199463,NOT AVAILABLE,NOT AVAILABLE,NOT AVAILABLE,results_depth/screen/mlp_c_proj_symmetric_quadratic/summary.json
results_depth,gpt2,NOT AVAILABLE,symmetric_quadratic,NOT AVAILABLE,2,"mlp.c_fc,mlp.c_proj",0,1,15360,20,42,3.805405616760254,NOT AVAILABLE,NOT AVAILABLE,NOT AVAILABLE,results_depth/screen/mlp_both_layer0_symmetric_quadratic/summary.json
results_depth,gpt2,NOT AVAILABLE,lora,NOT AVAILABLE,4,mlp.c_fc,0,1,15360,20,42,3.8267998695373535,NOT AVAILABLE,NOT AVAILABLE,NOT AVAILABLE,results_depth/screen/mlp_c_fc_lora/summary.json
results_depth,gpt2,NOT AVAILABLE,lora,NOT AVAILABLE,4,mlp.c_proj,0,1,15360,20,42,3.8217315673828125,NOT AVAILABLE,NOT AVAILABLE,NOT AVAILABLE,results_depth/screen/mlp_c_proj_lora/summary.json
results_depth,gpt2,NOT AVAILABLE,lora,NOT AVAILABLE,4,attn.c_proj,0,1,6144,20,42,3.8281142711639404,NOT AVAILABLE,NOT AVAILABLE,NOT AVAILABLE,results_depth/screen/attn_layer0_lora/summary.json
results_depth,gpt2,NOT AVAILABLE,symmetric_quadratic,NOT AVAILABLE,4,attn.c_proj,3,1,6144,20,42,3.81771183013916,NOT AVAILABLE,NOT AVAILABLE,NOT AVAILABLE,results_depth/screen/attn_layer3_symmetric_quadratic/summary.json
results_depth,gpt2,NOT AVAILABLE,symmetric_quadratic,NOT AVAILABLE,4,mlp.c_fc,0,1,15360,20,42,3.827401876449585,NOT AVAILABLE,NOT AVAILABLE,NOT AVAILABLE,results_depth/screen/mlp_c_fc_symmetric_quadratic/summary.json
results_depth,gpt2,NOT AVAILABLE,symmetric_quadratic,NOT AVAILABLE,4,attn.c_proj,11,1,6144,20,42,3.813446283340454,NOT AVAILABLE,NOT AVAILABLE,NOT AVAILABLE,results_depth/screen/attn_layer11_symmetric_quadratic/summary.json
results_depth,gpt2,NOT AVAILABLE,lora,NOT AVAILABLE,4,attn.c_proj,11,1,6144,20,42,3.8251025676727295,NOT AVAILABLE,NOT AVAILABLE,NOT AVAILABLE,results_depth/screen/attn_layer11_lora/summary.json
results_depth,gpt2,NOT AVAILABLE,lora,NOT AVAILABLE,4,attn.c_proj,6,1,6144,20,42,3.828734874725342,NOT AVAILABLE,NOT AVAILABLE,NOT AVAILABLE,results_depth/screen/attn_layer6_lora/summary.json
results_depth,gpt2,NOT AVAILABLE,symmetric_quadratic,NOT AVAILABLE,4,attn.c_proj,9,1,6144,20,42,3.818800449371338,NOT AVAILABLE,NOT AVAILABLE,NOT AVAILABLE,results_depth/screen/attn_layer9_symmetric_quadratic/summary.json
results_depth,gpt2,NOT AVAILABLE,lora,NOT AVAILABLE,4,attn.c_proj,3,1,6144,20,42,3.823338031768799,NOT AVAILABLE,NOT AVAILABLE,NOT AVAILABLE,results_depth/screen/attn_layer3_lora/summary.json
results_depth,gpt2,NOT AVAILABLE,lora,NOT AVAILABLE,2,"mlp.c_fc,mlp.c_proj",0,1,15360,100,42,3.6517763137817383,NOT AVAILABLE,NOT AVAILABLE,NOT AVAILABLE,results_depth/confirmation/mlp_both_layer0_lora_seed42/summary.json
results_depth,gpt2,NOT AVAILABLE,symmetric_quadratic,NOT AVAILABLE,4,attn.c_proj,11,1,6144,100,42,3.7271318435668945,NOT AVAILABLE,NOT AVAILABLE,NOT AVAILABLE,results_depth/confirmation/attn_layer11_symmetric_quadratic_seed42/summary.json
results_depth,gpt2,NOT AVAILABLE,lora,NOT AVAILABLE,4,attn.c_proj,0,1,6144,100,123,3.759221076965332,NOT AVAILABLE,NOT AVAILABLE,NOT AVAILABLE,results_depth/confirmation/attn_layer0_lora_seed123/summary.json
results_depth,gpt2,NOT AVAILABLE,symmetric_quadratic,NOT AVAILABLE,4,attn.c_proj,6,1,6144,100,456,3.7527618408203125,NOT AVAILABLE,NOT AVAILABLE,NOT AVAILABLE,results_depth/confirmation/attn_layer6_symmetric_quadratic_seed456/summary.json
results_depth,gpt2,NOT AVAILABLE,symmetric_quadratic,NOT AVAILABLE,4,attn.c_proj,6,1,6144,100,123,3.724975109100342,NOT AVAILABLE,NOT AVAILABLE,NOT AVAILABLE,results_depth/confirmation/attn_layer6_symmetric_quadratic_seed123/summary.json
results_depth,gpt2,NOT AVAILABLE,lora,NOT AVAILABLE,4,attn.c_proj,11,1,6144,100,123,3.7574503421783447,NOT AVAILABLE,NOT AVAILABLE,NOT AVAILABLE,results_depth/confirmation/attn_layer11_lora_seed123/summary.json
results_depth,gpt2,NOT AVAILABLE,symmetric_quadratic,NOT AVAILABLE,4,attn.c_proj,11,1,6144,100,123,3.696298122406006,NOT AVAILABLE,NOT AVAILABLE,NOT AVAILABLE,results_depth/confirmation/attn_layer11_symmetric_quadratic_seed123/summary.json
results_depth,gpt2,NOT AVAILABLE,symmetric_quadratic,NOT AVAILABLE,4,attn.c_proj,6,1,6144,100,42,3.786621570587158,NOT AVAILABLE,NOT AVAILABLE,NOT AVAILABLE,results_depth/confirmation/attn_layer6_symmetric_quadratic_seed42/summary.json
results_depth,gpt2,NOT AVAILABLE,symmetric_quadratic,NOT AVAILABLE,2,"mlp.c_fc,mlp.c_proj",0,1,15360,100,456,3.637371778488159,NOT AVAILABLE,NOT AVAILABLE,NOT AVAILABLE,results_depth/confirmation/mlp_both_layer0_symmetric_quadratic_seed456/summary.json
results_depth,gpt2,NOT AVAILABLE,lora,NOT AVAILABLE,4,attn.c_proj,6,1,6144,100,123,3.767484188079834,NOT AVAILABLE,NOT AVAILABLE,NOT AVAILABLE,results_depth/confirmation/attn_layer6_lora_seed123/summary.json
results_depth,gpt2,NOT AVAILABLE,lora,NOT AVAILABLE,4,attn.c_proj,11,1,6144,100,456,3.7556169033050537,NOT AVAILABLE,NOT AVAILABLE,NOT AVAILABLE,results_depth/confirmation/attn_layer11_lora_seed456/summary.json
results_depth,gpt2,NOT AVAILABLE,lora,NOT AVAILABLE,4,attn.c_proj,6,1,6144,100,456,3.782444477081299,NOT AVAILABLE,NOT AVAILABLE,NOT AVAILABLE,results_depth/confirmation/attn_layer6_lora_seed456/summary.json
results_depth,gpt2,NOT AVAILABLE,lora,NOT AVAILABLE,4,attn.c_proj,11,1,6144,100,42,3.768930435180664,NOT AVAILABLE,NOT AVAILABLE,NOT AVAILABLE,results_depth/confirmation/attn_layer11_lora_seed42/summary.json
results_depth,gpt2,NOT AVAILABLE,lora,NOT AVAILABLE,2,"mlp.c_fc,mlp.c_proj",0,1,15360,100,123,3.684467315673828,NOT AVAILABLE,NOT AVAILABLE,NOT AVAILABLE,results_depth/confirmation/mlp_both_layer0_lora_seed123/summary.json
results_depth,gpt2,NOT AVAILABLE,symmetric_quadratic,NOT AVAILABLE,4,attn.c_proj,0,1,6144,100,123,3.6654300689697266,NOT AVAILABLE,NOT AVAILABLE,NOT AVAILABLE,results_depth/confirmation/attn_layer0_symmetric_quadratic_seed123/summary.json
results_depth,gpt2,NOT AVAILABLE,symmetric_quadratic,NOT AVAILABLE,2,"mlp.c_fc,mlp.c_proj",0,1,15360,100,123,3.604844570159912,NOT AVAILABLE,NOT AVAILABLE,NOT AVAILABLE,results_depth/confirmation/mlp_both_layer0_symmetric_quadratic_seed123/summary.json
results_depth,gpt2,NOT AVAILABLE,symmetric_quadratic,NOT AVAILABLE,2,"mlp.c_fc,mlp.c_proj",0,1,15360,100,42,3.596055030822754,NOT AVAILABLE,NOT AVAILABLE,NOT AVAILABLE,results_depth/confirmation/mlp_both_layer0_symmetric_quadratic_seed42/summary.json
results_depth,gpt2,NOT AVAILABLE,lora,NOT AVAILABLE,4,attn.c_proj,6,1,6144,100,42,3.803602457046509,NOT AVAILABLE,NOT AVAILABLE,NOT AVAILABLE,results_depth/confirmation/attn_layer6_lora_seed42/summary.json
results_depth,gpt2,NOT AVAILABLE,symmetric_quadratic,NOT AVAILABLE,4,attn.c_proj,0,1,6144,100,456,3.7740416526794434,NOT AVAILABLE,NOT AVAILABLE,NOT AVAILABLE,results_depth/confirmation/attn_layer0_symmetric_quadratic_seed456/summary.json
results_depth,gpt2,NOT AVAILABLE,lora,NOT AVAILABLE,4,attn.c_proj,0,1,6144,100,42,3.7413361072540283,NOT AVAILABLE,NOT AVAILABLE,NOT AVAILABLE,results_depth/confirmation/attn_layer0_lora_seed42/summary.json
results_depth,gpt2,NOT AVAILABLE,lora,NOT AVAILABLE,4,attn.c_proj,0,1,6144,100,456,3.7830333709716797,NOT AVAILABLE,NOT AVAILABLE,NOT AVAILABLE,results_depth/confirmation/attn_layer0_lora_seed456/summary.json
results_depth,gpt2,NOT AVAILABLE,lora,NOT AVAILABLE,2,"mlp.c_fc,mlp.c_proj",0,1,15360,100,456,3.697911262512207,NOT AVAILABLE,NOT AVAILABLE,NOT AVAILABLE,results_depth/confirmation/mlp_both_layer0_lora_seed456/summary.json
results_depth,gpt2,NOT AVAILABLE,symmetric_quadratic,NOT AVAILABLE,4,attn.c_proj,0,1,6144,100,42,3.689192771911621,NOT AVAILABLE,NOT AVAILABLE,NOT AVAILABLE,results_depth/confirmation/attn_layer0_symmetric_quadratic_seed42/summary.json
results_depth,gpt2,NOT AVAILABLE,symmetric_quadratic,NOT AVAILABLE,4,attn.c_proj,11,1,6144,100,456,3.653435707092285,NOT AVAILABLE,NOT AVAILABLE,NOT AVAILABLE,results_depth/confirmation/attn_layer11_symmetric_quadratic_seed456/summary.json
results_depth,gpt2,NOT AVAILABLE,lora,NOT AVAILABLE,4,attn.c_proj,6,1,6144,20,42,3.828734874725342,NOT AVAILABLE,NOT AVAILABLE,NOT AVAILABLE,results_depth/full_attention/layer6_lora/summary.json
results_depth,gpt2,NOT AVAILABLE,symmetric_quadratic,NOT AVAILABLE,4,attn.c_proj,4,1,6144,20,42,3.812875747680664,NOT AVAILABLE,NOT AVAILABLE,NOT AVAILABLE,results_depth/full_attention/layer4_symmetric_quadratic/summary.json
results_depth,gpt2,NOT AVAILABLE,lora,NOT AVAILABLE,4,attn.c_proj,10,1,6144,20,42,3.824988842010498,NOT AVAILABLE,NOT AVAILABLE,NOT AVAILABLE,results_depth/full_attention/layer10_lora/summary.json
results_depth,gpt2,NOT AVAILABLE,lora,NOT AVAILABLE,4,attn.c_proj,8,1,6144,20,42,3.8264431953430176,NOT AVAILABLE,NOT AVAILABLE,NOT AVAILABLE,results_depth/full_attention/layer8_lora/summary.json
results_depth,gpt2,NOT AVAILABLE,lora,NOT AVAILABLE,4,attn.c_proj,9,1,6144,20,42,3.827272415161133,NOT AVAILABLE,NOT AVAILABLE,NOT AVAILABLE,results_depth/full_attention/layer9_lora/summary.json
results_depth,gpt2,NOT AVAILABLE,lora,NOT AVAILABLE,4,attn.c_proj,3,1,6144,20,42,3.823338031768799,NOT AVAILABLE,NOT AVAILABLE,NOT AVAILABLE,results_depth/full_attention/layer3_lora/summary.json
results_depth,gpt2,NOT AVAILABLE,lora,NOT AVAILABLE,4,attn.c_proj,2,1,6144,20,42,3.824295997619629,NOT AVAILABLE,NOT AVAILABLE,NOT AVAILABLE,results_depth/full_attention/layer2_lora/summary.json
results_depth,gpt2,NOT AVAILABLE,lora,NOT AVAILABLE,4,attn.c_proj,5,1,6144,20,42,3.822307586669922,NOT AVAILABLE,NOT AVAILABLE,NOT AVAILABLE,results_depth/full_attention/layer5_lora/summary.json
results_depth,gpt2,NOT AVAILABLE,symmetric_quadratic,NOT AVAILABLE,4,attn.c_proj,1,1,6144,20,42,3.829643964767456,NOT AVAILABLE,NOT AVAILABLE,NOT AVAILABLE,results_depth/full_attention/layer1_symmetric_quadratic/summary.json
results_depth,gpt2,NOT AVAILABLE,symmetric_quadratic,NOT AVAILABLE,4,attn.c_proj,7,1,6144,20,42,3.8106794357299805,NOT AVAILABLE,NOT AVAILABLE,NOT AVAILABLE,results_depth/full_attention/layer7_symmetric_quadratic/summary.json
results_depth,gpt2,NOT AVAILABLE,lora,NOT AVAILABLE,4,attn.c_proj,11,1,6144,20,42,3.8251025676727295,NOT AVAILABLE,NOT AVAILABLE,NOT AVAILABLE,results_depth/full_attention/layer11_lora/summary.json
results_depth,gpt2,NOT AVAILABLE,symmetric_quadratic,NOT AVAILABLE,4,attn.c_proj,0,1,6144,20,42,3.825410842895508,NOT AVAILABLE,NOT AVAILABLE,NOT AVAILABLE,results_depth/full_attention/layer0_symmetric_quadratic/summary.json
results_depth,gpt2,NOT AVAILABLE,symmetric_quadratic,NOT AVAILABLE,4,attn.c_proj,3,1,6144,20,42,3.81771183013916,NOT AVAILABLE,NOT AVAILABLE,NOT AVAILABLE,results_depth/full_attention/layer3_symmetric_quadratic/summary.json
results_depth,gpt2,NOT AVAILABLE,lora,NOT AVAILABLE,4,attn.c_proj,7,1,6144,20,42,3.8200623989105225,NOT AVAILABLE,NOT AVAILABLE,NOT AVAILABLE,results_depth/full_attention/layer7_lora/summary.json
results_depth,gpt2,NOT AVAILABLE,lora,NOT AVAILABLE,4,attn.c_proj,1,1,6144,20,42,3.8287644386291504,NOT AVAILABLE,NOT AVAILABLE,NOT AVAILABLE,results_depth/full_attention/layer1_lora/summary.json
results_depth,gpt2,NOT AVAILABLE,symmetric_quadratic,NOT AVAILABLE,4,attn.c_proj,11,1,6144,20,42,3.813446283340454,NOT AVAILABLE,NOT AVAILABLE,NOT AVAILABLE,results_depth/full_attention/layer11_symmetric_quadratic/summary.json
results_depth,gpt2,NOT AVAILABLE,symmetric_quadratic,NOT AVAILABLE,4,attn.c_proj,6,1,6144,20,42,3.8205320835113525,NOT AVAILABLE,NOT AVAILABLE,NOT AVAILABLE,results_depth/full_attention/layer6_symmetric_quadratic/summary.json
results_depth,gpt2,NOT AVAILABLE,symmetric_quadratic,NOT AVAILABLE,4,attn.c_proj,2,1,6144,20,42,3.8030271530151367,NOT AVAILABLE,NOT AVAILABLE,NOT AVAILABLE,results_depth/full_attention/layer2_symmetric_quadratic/summary.json
results_depth,gpt2,NOT AVAILABLE,lora,NOT AVAILABLE,4,attn.c_proj,4,1,6144,20,42,3.825108051300049,NOT AVAILABLE,NOT AVAILABLE,NOT AVAILABLE,results_depth/full_attention/layer4_lora/summary.json
results_depth,gpt2,NOT AVAILABLE,symmetric_quadratic,NOT AVAILABLE,4,attn.c_proj,10,1,6144,20,42,3.8139190673828125,NOT AVAILABLE,NOT AVAILABLE,NOT AVAILABLE,results_depth/full_attention/layer10_symmetric_quadratic/summary.json
results_depth,gpt2,NOT AVAILABLE,symmetric_quadratic,NOT AVAILABLE,4,attn.c_proj,9,1,6144,20,42,3.818800449371338,NOT AVAILABLE,NOT AVAILABLE,NOT AVAILABLE,results_depth/full_attention/layer9_symmetric_quadratic/summary.json
results_depth,gpt2,NOT AVAILABLE,lora,NOT AVAILABLE,4,attn.c_proj,0,1,6144,20,42,3.8281142711639404,NOT AVAILABLE,NOT AVAILABLE,NOT AVAILABLE,results_depth/full_attention/layer0_lora/summary.json
results_depth,gpt2,NOT AVAILABLE,symmetric_quadratic,NOT AVAILABLE,4,attn.c_proj,8,1,6144,20,42,3.813429594039917,NOT AVAILABLE,NOT AVAILABLE,NOT AVAILABLE,results_depth/full_attention/layer8_symmetric_quadratic/summary.json
results_depth,gpt2,NOT AVAILABLE,symmetric_quadratic,NOT AVAILABLE,4,attn.c_proj,5,1,6144,20,42,3.8115296363830566,NOT AVAILABLE,NOT AVAILABLE,NOT AVAILABLE,results_depth/full_attention/layer5_symmetric_quadratic/summary.json
results_local_rank,gpt2,NOT AVAILABLE,lora,NOT AVAILABLE,2,attn.c_proj,"0,11",2,6144,2000,42,3.3651299476623535,NOT AVAILABLE,NOT AVAILABLE,6144,results_local_rank/budget6144_2000/two_distributed_lora_seed42/summary.json
results_local_rank,gpt2,NOT AVAILABLE,lora,NOT AVAILABLE,4,attn.c_proj,2,1,6144,2000,42,3.494974136352539,NOT AVAILABLE,NOT AVAILABLE,6144,results_local_rank/budget6144_2000/concentrated_lora_seed42/summary.json
results_local_rank,gpt2,NOT AVAILABLE,lora,NOT AVAILABLE,2,attn.c_proj,"0,11",2,6144,2000,456,3.370065212249756,NOT AVAILABLE,NOT AVAILABLE,6144,results_local_rank/budget6144_2000/two_distributed_lora_seed456/summary.json
results_local_rank,gpt2,NOT AVAILABLE,lora,NOT AVAILABLE,1,attn.c_proj,"0,3,7,11",4,6144,2000,42,3.313256025314331,NOT AVAILABLE,NOT AVAILABLE,6144,results_local_rank/budget6144_2000/four_distributed_lora_seed42/summary.json
results_local_rank,gpt2,NOT AVAILABLE,symmetric_quadratic,NOT AVAILABLE,2,attn.c_proj,"0,11",2,6144,2000,456,3.404662847518921,NOT AVAILABLE,NOT AVAILABLE,6144,results_local_rank/budget6144_2000/two_distributed_symmetric_quadratic_seed456/summary.json
results_local_rank,gpt2,NOT AVAILABLE,lora,NOT AVAILABLE,1,attn.c_proj,"0,3,7,11",4,6144,2000,456,3.3205885887145996,NOT AVAILABLE,NOT AVAILABLE,6144,results_local_rank/budget6144_2000/four_distributed_lora_seed456/summary.json
results_local_rank,gpt2,NOT AVAILABLE,symmetric_quadratic,NOT AVAILABLE,4,attn.c_proj,2,1,6144,2000,42,3.375500202178955,NOT AVAILABLE,NOT AVAILABLE,6144,results_local_rank/budget6144_2000/concentrated_symmetric_quadratic_seed42/summary.json
results_local_rank,gpt2,NOT AVAILABLE,lora,NOT AVAILABLE,4,attn.c_proj,2,1,6144,2000,456,3.519631862640381,NOT AVAILABLE,NOT AVAILABLE,6144,results_local_rank/budget6144_2000/concentrated_lora_seed456/summary.json
results_local_rank,gpt2,NOT AVAILABLE,symmetric_quadratic,NOT AVAILABLE,1,attn.c_proj,"0,3,7,11",4,6144,2000,42,3.3872504234313965,NOT AVAILABLE,NOT AVAILABLE,6144,results_local_rank/budget6144_2000/four_distributed_symmetric_quadratic_seed42/summary.json
results_local_rank,gpt2,NOT AVAILABLE,symmetric_quadratic,NOT AVAILABLE,4,attn.c_proj,2,1,6144,2000,123,3.3604509830474854,NOT AVAILABLE,NOT AVAILABLE,6144,results_local_rank/budget6144_2000/concentrated_symmetric_quadratic_seed123/summary.json
results_local_rank,gpt2,NOT AVAILABLE,symmetric_quadratic,NOT AVAILABLE,1,attn.c_proj,"0,3,7,11",4,6144,2000,123,3.387441635131836,NOT AVAILABLE,NOT AVAILABLE,6144,results_local_rank/budget6144_2000/four_distributed_symmetric_quadratic_seed123/summary.json
results_local_rank,gpt2,NOT AVAILABLE,lora,NOT AVAILABLE,2,attn.c_proj,"0,11",2,6144,2000,123,3.3631491661071777,NOT AVAILABLE,NOT AVAILABLE,6144,results_local_rank/budget6144_2000/two_distributed_lora_seed123/summary.json
results_local_rank,gpt2,NOT AVAILABLE,symmetric_quadratic,NOT AVAILABLE,2,attn.c_proj,"0,11",2,6144,2000,123,3.362185478210449,NOT AVAILABLE,NOT AVAILABLE,6144,results_local_rank/budget6144_2000/two_distributed_symmetric_quadratic_seed123/summary.json
results_local_rank,gpt2,NOT AVAILABLE,lora,NOT AVAILABLE,4,attn.c_proj,2,1,6144,2000,123,3.4971797466278076,NOT AVAILABLE,NOT AVAILABLE,6144,results_local_rank/budget6144_2000/concentrated_lora_seed123/summary.json
results_local_rank,gpt2,NOT AVAILABLE,symmetric_quadratic,NOT AVAILABLE,1,attn.c_proj,"0,3,7,11",4,6144,2000,456,3.3635270595550537,NOT AVAILABLE,NOT AVAILABLE,6144,results_local_rank/budget6144_2000/four_distributed_symmetric_quadratic_seed456/summary.json
results_local_rank,gpt2,NOT AVAILABLE,lora,NOT AVAILABLE,1,attn.c_proj,"0,3,7,11",4,6144,2000,123,3.3258628845214844,NOT AVAILABLE,NOT AVAILABLE,6144,results_local_rank/budget6144_2000/four_distributed_lora_seed123/summary.json
results_local_rank,gpt2,NOT AVAILABLE,symmetric_quadratic,NOT AVAILABLE,2,attn.c_proj,"0,11",2,6144,2000,42,3.3522448539733887,NOT AVAILABLE,NOT AVAILABLE,6144,results_local_rank/budget6144_2000/two_distributed_symmetric_quadratic_seed42/summary.json
results_local_rank,gpt2,NOT AVAILABLE,symmetric_quadratic,NOT AVAILABLE,4,attn.c_proj,2,1,6144,2000,456,3.3874220848083496,NOT AVAILABLE,NOT AVAILABLE,6144,results_local_rank/budget6144_2000/concentrated_symmetric_quadratic_seed456/summary.json
results_local_rank,gpt2,NOT AVAILABLE,lora,NOT AVAILABLE,4,attn.c_proj,"0,11",2,12288,2000,42,3.3184094429016113,NOT AVAILABLE,NOT AVAILABLE,12288,results_local_rank/budget12288_2000/two_distributed_lora_seed42/summary.json
results_local_rank,gpt2,NOT AVAILABLE,lora,NOT AVAILABLE,8,attn.c_proj,2,1,12288,2000,42,3.496293067932129,NOT AVAILABLE,NOT AVAILABLE,12288,results_local_rank/budget12288_2000/concentrated_lora_seed42/summary.json
results_local_rank,gpt2,NOT AVAILABLE,lora,NOT AVAILABLE,4,attn.c_proj,"0,11",2,12288,2000,456,3.3060665130615234,NOT AVAILABLE,NOT AVAILABLE,12288,results_local_rank/budget12288_2000/two_distributed_lora_seed456/summary.json
results_local_rank,gpt2,NOT AVAILABLE,lora,NOT AVAILABLE,2,attn.c_proj,"0,3,7,11",4,12288,2000,42,3.264742374420166,NOT AVAILABLE,NOT AVAILABLE,12288,results_local_rank/budget12288_2000/four_distributed_lora_seed42/summary.json
results_local_rank,gpt2,NOT AVAILABLE,symmetric_quadratic,NOT AVAILABLE,4,attn.c_proj,"0,11",2,12288,2000,456,3.2143285274505615,NOT AVAILABLE,NOT AVAILABLE,12288,results_local_rank/budget12288_2000/two_distributed_symmetric_quadratic_seed456/summary.json
results_local_rank,gpt2,NOT AVAILABLE,lora,NOT AVAILABLE,2,attn.c_proj,"0,3,7,11",4,12288,2000,456,3.249555826187134,NOT AVAILABLE,NOT AVAILABLE,12288,results_local_rank/budget12288_2000/four_distributed_lora_seed456/summary.json
results_local_rank,gpt2,NOT AVAILABLE,symmetric_quadratic,NOT AVAILABLE,8,attn.c_proj,2,1,12288,2000,42,3.327813148498535,NOT AVAILABLE,NOT AVAILABLE,12288,results_local_rank/budget12288_2000/concentrated_symmetric_quadratic_seed42/summary.json
results_local_rank,gpt2,NOT AVAILABLE,lora,NOT AVAILABLE,8,attn.c_proj,2,1,12288,2000,456,3.5018935203552246,NOT AVAILABLE,NOT AVAILABLE,12288,results_local_rank/budget12288_2000/concentrated_lora_seed456/summary.json
results_local_rank,gpt2,NOT AVAILABLE,symmetric_quadratic,NOT AVAILABLE,2,attn.c_proj,"0,3,7,11",4,12288,2000,42,3.2506113052368164,NOT AVAILABLE,NOT AVAILABLE,12288,results_local_rank/budget12288_2000/four_distributed_symmetric_quadratic_seed42/summary.json
results_local_rank,gpt2,NOT AVAILABLE,symmetric_quadratic,NOT AVAILABLE,8,attn.c_proj,2,1,12288,2000,123,3.3529670238494873,NOT AVAILABLE,NOT AVAILABLE,12288,results_local_rank/budget12288_2000/concentrated_symmetric_quadratic_seed123/summary.json
results_local_rank,gpt2,NOT AVAILABLE,symmetric_quadratic,NOT AVAILABLE,2,attn.c_proj,"0,3,7,11",4,12288,2000,123,3.2459287643432617,NOT AVAILABLE,NOT AVAILABLE,12288,results_local_rank/budget12288_2000/four_distributed_symmetric_quadratic_seed123/summary.json
results_local_rank,gpt2,NOT AVAILABLE,lora,NOT AVAILABLE,4,attn.c_proj,"0,11",2,12288,2000,123,3.3227481842041016,NOT AVAILABLE,NOT AVAILABLE,12288,results_local_rank/budget12288_2000/two_distributed_lora_seed123/summary.json
results_local_rank,gpt2,NOT AVAILABLE,symmetric_quadratic,NOT AVAILABLE,4,attn.c_proj,"0,11",2,12288,2000,123,3.268220901489258,NOT AVAILABLE,NOT AVAILABLE,12288,results_local_rank/budget12288_2000/two_distributed_symmetric_quadratic_seed123/summary.json
results_local_rank,gpt2,NOT AVAILABLE,lora,NOT AVAILABLE,8,attn.c_proj,2,1,12288,2000,123,3.505793571472168,NOT AVAILABLE,NOT AVAILABLE,12288,results_local_rank/budget12288_2000/concentrated_lora_seed123/summary.json
results_local_rank,gpt2,NOT AVAILABLE,symmetric_quadratic,NOT AVAILABLE,2,attn.c_proj,"0,3,7,11",4,12288,2000,456,3.2101433277130127,NOT AVAILABLE,NOT AVAILABLE,12288,results_local_rank/budget12288_2000/four_distributed_symmetric_quadratic_seed456/summary.json
results_local_rank,gpt2,NOT AVAILABLE,lora,NOT AVAILABLE,2,attn.c_proj,"0,3,7,11",4,12288,2000,123,3.2589614391326904,NOT AVAILABLE,NOT AVAILABLE,12288,results_local_rank/budget12288_2000/four_distributed_lora_seed123/summary.json
results_local_rank,gpt2,NOT AVAILABLE,symmetric_quadratic,NOT AVAILABLE,4,attn.c_proj,"0,11",2,12288,2000,42,3.2345590591430664,NOT AVAILABLE,NOT AVAILABLE,12288,results_local_rank/budget12288_2000/two_distributed_symmetric_quadratic_seed42/summary.json
results_local_rank,gpt2,NOT AVAILABLE,symmetric_quadratic,NOT AVAILABLE,8,attn.c_proj,2,1,12288,2000,456,3.336660861968994,NOT AVAILABLE,NOT AVAILABLE,12288,results_local_rank/budget12288_2000/concentrated_symmetric_quadratic_seed456/summary.json
results_local_rank,gpt2,NOT AVAILABLE,lora,NOT AVAILABLE,4,attn.c_proj,"0,11",2,12288,1000,42,3.402294874191284,NOT AVAILABLE,NOT AVAILABLE,12288,results_local_rank/budget12288_screen1000/two_distributed_lora_seed42/summary.json
results_local_rank,gpt2,NOT AVAILABLE,lora,NOT AVAILABLE,8,attn.c_proj,2,1,12288,1000,42,3.5694336891174316,NOT AVAILABLE,NOT AVAILABLE,12288,results_local_rank/budget12288_screen1000/concentrated_lora_seed42/summary.json
results_local_rank,gpt2,NOT AVAILABLE,lora,NOT AVAILABLE,2,attn.c_proj,"0,3,7,11",4,12288,1000,42,3.3470702171325684,NOT AVAILABLE,NOT AVAILABLE,12288,results_local_rank/budget12288_screen1000/four_distributed_lora_seed42/summary.json
results_local_rank,gpt2,NOT AVAILABLE,symmetric_quadratic,NOT AVAILABLE,8,attn.c_proj,2,1,12288,1000,42,3.4238228797912598,NOT AVAILABLE,NOT AVAILABLE,12288,results_local_rank/budget12288_screen1000/concentrated_symmetric_quadratic_seed42/summary.json
results_local_rank,gpt2,NOT AVAILABLE,symmetric_quadratic,NOT AVAILABLE,2,attn.c_proj,"0,3,7,11",4,12288,1000,42,3.323427677154541,NOT AVAILABLE,NOT AVAILABLE,12288,results_local_rank/budget12288_screen1000/four_distributed_symmetric_quadratic_seed42/summary.json
results_local_rank,gpt2,NOT AVAILABLE,symmetric_quadratic,NOT AVAILABLE,4,attn.c_proj,"0,11",2,12288,1000,42,3.315688133239746,NOT AVAILABLE,NOT AVAILABLE,12288,results_local_rank/budget12288_screen1000/two_distributed_symmetric_quadratic_seed42/summary.json
results_long_convergence_5000,gpt2,NOT AVAILABLE,lora,(alpha/r)(xU)V,4,attn.c_proj,"0,11",2,12288,5000,42,3.189830780029297,NOT AVAILABLE,NOT AVAILABLE,12288,results_long_convergence_5000/budget12288_5000/two_distributed_lora_seed42/summary.json
results_long_convergence_5000,gpt2,NOT AVAILABLE,lora,(alpha/r)(xU)V,8,attn.c_proj,2,1,12288,5000,42,3.354520797729492,NOT AVAILABLE,NOT AVAILABLE,12288,results_long_convergence_5000/budget12288_5000/concentrated_lora_seed42/summary.json
results_long_convergence_5000,gpt2,NOT AVAILABLE,lora,(alpha/r)(xU)V,4,attn.c_proj,"0,11",2,12288,5000,456,3.190239667892456,NOT AVAILABLE,NOT AVAILABLE,12288,results_long_convergence_5000/budget12288_5000/two_distributed_lora_seed456/summary.json
results_long_convergence_5000,gpt2,NOT AVAILABLE,lora,(alpha/r)(xU)V,2,attn.c_proj,"0,3,7,11",4,12288,5000,42,3.1647167205810547,NOT AVAILABLE,NOT AVAILABLE,12288,results_long_convergence_5000/budget12288_5000/four_distributed_lora_seed42/summary.json
results_long_convergence_5000,gpt2,NOT AVAILABLE,symmetric_quadratic,(alpha/r)(xU)^2P,4,attn.c_proj,"0,11",2,12288,5000,456,3.1407241821289062,NOT AVAILABLE,NOT AVAILABLE,12288,results_long_convergence_5000/budget12288_5000/two_distributed_symmetric_quadratic_seed456/summary.json
results_long_convergence_5000,gpt2,NOT AVAILABLE,lora,(alpha/r)(xU)V,2,attn.c_proj,"0,3,7,11",4,12288,5000,456,3.1301398277282715,NOT AVAILABLE,NOT AVAILABLE,12288,results_long_convergence_5000/budget12288_5000/four_distributed_lora_seed456/summary.json
results_long_convergence_5000,gpt2,NOT AVAILABLE,symmetric_quadratic,(alpha/r)(xU)^2P,8,attn.c_proj,2,1,12288,5000,42,3.251229763031006,NOT AVAILABLE,NOT AVAILABLE,12288,results_long_convergence_5000/budget12288_5000/concentrated_symmetric_quadratic_seed42/summary.json
results_long_convergence_5000,gpt2,NOT AVAILABLE,lora,(alpha/r)(xU)V,8,attn.c_proj,2,1,12288,5000,456,3.362318992614746,NOT AVAILABLE,NOT AVAILABLE,12288,results_long_convergence_5000/budget12288_5000/concentrated_lora_seed456/summary.json
results_long_convergence_5000,gpt2,NOT AVAILABLE,symmetric_quadratic,(alpha/r)(xU)^2P,2,attn.c_proj,"0,3,7,11",4,12288,5000,42,3.172410488128662,NOT AVAILABLE,NOT AVAILABLE,12288,results_long_convergence_5000/budget12288_5000/four_distributed_symmetric_quadratic_seed42/summary.json
results_long_convergence_5000,gpt2,NOT AVAILABLE,symmetric_quadratic,(alpha/r)(xU)^2P,8,attn.c_proj,2,1,12288,5000,123,3.255617141723633,NOT AVAILABLE,NOT AVAILABLE,12288,results_long_convergence_5000/budget12288_5000/concentrated_symmetric_quadratic_seed123/summary.json
results_long_convergence_5000,gpt2,NOT AVAILABLE,symmetric_quadratic,(alpha/r)(xU)^2P,2,attn.c_proj,"0,3,7,11",4,12288,5000,123,3.1759119033813477,NOT AVAILABLE,NOT AVAILABLE,12288,results_long_convergence_5000/budget12288_5000/four_distributed_symmetric_quadratic_seed123/summary.json
results_long_convergence_5000,gpt2,NOT AVAILABLE,lora,(alpha/r)(xU)V,4,attn.c_proj,"0,11",2,12288,5000,123,3.2208542823791504,NOT AVAILABLE,NOT AVAILABLE,12288,results_long_convergence_5000/budget12288_5000/two_distributed_lora_seed123/summary.json
results_long_convergence_5000,gpt2,NOT AVAILABLE,symmetric_quadratic,(alpha/r)(xU)^2P,4,attn.c_proj,"0,11",2,12288,5000,123,3.1495885848999023,NOT AVAILABLE,NOT AVAILABLE,12288,results_long_convergence_5000/budget12288_5000/two_distributed_symmetric_quadratic_seed123/summary.json
results_long_convergence_5000,gpt2,NOT AVAILABLE,lora,(alpha/r)(xU)V,8,attn.c_proj,2,1,12288,5000,123,3.3562850952148438,NOT AVAILABLE,NOT AVAILABLE,12288,results_long_convergence_5000/budget12288_5000/concentrated_lora_seed123/summary.json
results_long_convergence_5000,gpt2,NOT AVAILABLE,symmetric_quadratic,(alpha/r)(xU)^2P,2,attn.c_proj,"0,3,7,11",4,12288,5000,456,3.118884325027466,NOT AVAILABLE,NOT AVAILABLE,12288,results_long_convergence_5000/budget12288_5000/four_distributed_symmetric_quadratic_seed456/summary.json
results_long_convergence_5000,gpt2,NOT AVAILABLE,lora,(alpha/r)(xU)V,2,attn.c_proj,"0,3,7,11",4,12288,5000,123,3.166264772415161,NOT AVAILABLE,NOT AVAILABLE,12288,results_long_convergence_5000/budget12288_5000/four_distributed_lora_seed123/summary.json
results_long_convergence_5000,gpt2,NOT AVAILABLE,symmetric_quadratic,(alpha/r)(xU)^2P,4,attn.c_proj,"0,11",2,12288,5000,42,3.165581226348877,NOT AVAILABLE,NOT AVAILABLE,12288,results_long_convergence_5000/budget12288_5000/two_distributed_symmetric_quadratic_seed42/summary.json
results_long_convergence_5000,gpt2,NOT AVAILABLE,symmetric_quadratic,(alpha/r)(xU)^2P,8,attn.c_proj,2,1,12288,5000,456,3.2608437538146973,NOT AVAILABLE,NOT AVAILABLE,12288,results_long_convergence_5000/budget12288_5000/concentrated_symmetric_quadratic_seed456/summary.json
results_multilayer,gpt2,NOT AVAILABLE,lora,NOT AVAILABLE,1,attn.c_proj,"0,3,7,11",4,6144,1000,42,3.3962225914001465,NOT AVAILABLE,NOT AVAILABLE,6144,results_multilayer/screen/distributed_four_lora_seed42/summary.json
results_multilayer,gpt2,NOT AVAILABLE,symmetric_quadratic,NOT AVAILABLE,2,attn.c_proj,"0,11",2,6144,1000,42,3.414877414703369,NOT AVAILABLE,NOT AVAILABLE,6144,results_multilayer/screen/distributed_two_symmetric_quadratic_seed42/summary.json
results_multilayer,gpt2,NOT AVAILABLE,lora,NOT AVAILABLE,2,attn.c_proj,"0,11",2,6144,1000,42,3.4368948936462402,NOT AVAILABLE,NOT AVAILABLE,6144,results_multilayer/screen/distributed_two_lora_seed42/summary.json
results_multilayer,gpt2,NOT AVAILABLE,lora,NOT AVAILABLE,4,attn.c_proj,2,1,6144,1000,42,3.57435941696167,NOT AVAILABLE,NOT AVAILABLE,6144,results_multilayer/screen/concentrated_layer2_lora_seed42/summary.json
results_multilayer,gpt2,NOT AVAILABLE,symmetric_quadratic,NOT AVAILABLE,4,attn.c_proj,2,1,6144,1000,42,3.4806594848632812,NOT AVAILABLE,NOT AVAILABLE,6144,results_multilayer/screen/concentrated_layer2_symmetric_quadratic_seed42/summary.json
results_multilayer,gpt2,NOT AVAILABLE,symmetric_quadratic,NOT AVAILABLE,1,attn.c_proj,"0,3,7,11",4,6144,1000,42,3.479246139526367,NOT AVAILABLE,NOT AVAILABLE,6144,results_multilayer/screen/distributed_four_symmetric_quadratic_seed42/summary.json
