filename,original_experiment,source_csv,generation_script,seeds,aggregation,uncertainty,publication_status
results/figures/long-convergence/validation-concentrated-5000.png,long-convergence-5000,results/tables/long-convergence/long_validation_trajectories.csv,scripts/figures/generate_public_long_figures.py,"42;123;456",mean by step and method,sample SD band,canonical
results/figures/long-convergence/validation-two-layer-5000.png,long-convergence-5000,results/tables/long-convergence/long_validation_trajectories.csv,scripts/figures/generate_public_long_figures.py,"42;123;456",mean by step and method,sample SD band,canonical
results/figures/long-convergence/validation-four-layer-5000.png,long-convergence-5000,results/tables/long-convergence/long_validation_trajectories.csv,scripts/figures/generate_public_long_figures.py,"42;123;456",mean by step and method,sample SD band,canonical
results/figures/long-convergence/delta-loss-5000.png,long-convergence-5000,results/tables/long-convergence/long_validation_trajectories.csv,scripts/figures/generate_public_long_figures.py,"42;123;456",difference of method means by geometry,no uncertainty band,canonical
results/figures/long-convergence/test-loss-5000.png,long-convergence-5000,results/tables/long-convergence/long_final_per_seed.csv,scripts/figures/generate_public_long_figures.py,"42;123;456",mean plus individual seeds,sample SD,canonical
results/figures/long-convergence/test-validation-difference-5000.png,long-convergence-5000,results/tables/long-convergence/long_final_per_seed.csv,scripts/figures/generate_public_long_figures.py,"42;123;456",paired difference then mean,sample SD,canonical
results/figures/downstream-ag-news/downstream_accuracy_comparison.svg,downstream-ag-news,results/tables/downstream-ag-news/downstream_controlled_results.csv,scripts/figures/generate_downstream_figures.py,"42;123;456",mean plus individual seeds,sample SD,canonical
results/figures/downstream-ag-news/downstream_macro_f1_comparison.svg,downstream-ag-news,results/tables/downstream-ag-news/downstream_controlled_results.csv,scripts/figures/generate_downstream_figures.py,"42;123;456",mean plus individual seeds,sample SD,canonical
results/figures/rank-screening-1000/final_validation_loss_by_rank.svg,rank-screening-1000,results/tables/rank-screening-1000/rank_factorial_screening_per_seed.csv,scripts/aggregation/generate_rank_screening_report.py,"42;123;456",mean plus individual seeds,sample SD,canonical-screening
results/figures/rank-screening-1000/final_validation_ppl_by_rank.svg,rank-screening-1000,results/tables/rank-screening-1000/rank_factorial_screening_per_seed.csv,scripts/aggregation/generate_rank_screening_report.py,"42;123;456",mean of per-seed perplexities,sample SD,canonical-screening
results/figures/rank-confirmation-5000/rank_5000_final_validation_loss.svg,rank-confirmation-5000,results/tables/rank-confirmation-5000/rank_5000_per_seed.csv,scripts/aggregation/generate_rank_5000_report.py,"42;123;456",mean plus individual seeds,sample SD,canonical
results/figures/rank-confirmation-5000/rank_5000_final_test_loss.svg,rank-confirmation-5000,results/tables/rank-confirmation-5000/rank_5000_per_seed.csv,scripts/aggregation/generate_rank_5000_report.py,"42;123;456",mean plus individual seeds,sample SD,canonical
results/figures/rank-confirmation-5000/rank_5000_validation_perplexity.svg,rank-confirmation-5000,results/tables/rank-confirmation-5000/rank_5000_per_seed.csv,scripts/aggregation/generate_rank_5000_report.py,"42;123;456",mean of per-seed perplexities,sample SD,canonical
results/figures/rank-confirmation-5000/rank_5000_paired_difference.svg,rank-confirmation-5000,results/tables/rank-confirmation-5000/rank_5000_paired_differences.csv,scripts/aggregation/generate_rank_5000_report.py,"42;123;456",paired difference then mean,sample SD,canonical
results/figures/rank-confirmation-5000/convergence_rank1.svg,rank-confirmation-5000,results/tables/rank-confirmation-5000/rank_5000_convergence.csv,scripts/aggregation/export_rank_convergence.py,"42;123;456",mean by fresh evaluation step,sample SD band,canonical
results/figures/rank-confirmation-5000/convergence_rank2.svg,rank-confirmation-5000,results/tables/rank-confirmation-5000/rank_5000_convergence.csv,scripts/aggregation/export_rank_convergence.py,"42;123;456",mean by fresh evaluation step,sample SD band,canonical
results/figures/rank-confirmation-5000/convergence_rank4.svg,rank-confirmation-5000,results/tables/rank-confirmation-5000/rank_5000_convergence.csv,scripts/aggregation/export_rank_convergence.py,"42;123;456",mean by fresh evaluation step,sample SD band,canonical
results/figures/rank-confirmation-5000/convergence_rank8.svg,rank-confirmation-5000,results/tables/rank-confirmation-5000/rank_5000_convergence.csv,scripts/aggregation/export_rank_convergence.py,"42;123;456",mean by fresh evaluation step,sample SD band,canonical
results/figures/scaling-ablation/rank_scaling_ablation_loss.svg,scaling-ablation,results/tables/scaling-ablation/rank_scaling_ablation_per_seed.csv,scripts/aggregation/generate_scaling_ablation_report.py,42,one observation per cell,none single-seed,canonical-exploratory
results/figures/mechanism-analysis/jacobian_effective_rank.svg,mechanism-analysis,results/tables/mechanism-analysis/jacobian_analysis.csv,scripts/figures/generate_mechanism_figures.py,"42;123;456",descriptive mean over fixed positions and seeds,sample SD of recorded values,canonical
results/figures/mechanism-analysis/jacobian_norm.svg,mechanism-analysis,results/tables/mechanism-analysis/jacobian_analysis.csv,scripts/figures/generate_mechanism_figures.py,"42;123;456",descriptive mean over fixed positions and seeds,sample SD of recorded values,canonical
results/figures/mechanism-analysis/adapter_interaction_hessian.svg,mechanism-analysis,results/tables/mechanism-analysis/interaction_analysis.csv,scripts/figures/generate_mechanism_figures.py,"42;123;456",one fixed-reduction Hessian per checkpoint,sample SD across seeds,canonical
results/figures/architecture/adapter_architecture_comparison.svg,conceptual-architecture,none,scripts/figures/generate_publication_materials.py,none,diagram,not applicable,canonical
comparisons/figures/adapter-family-comparison.svg,related-work-comparison,none,original SVG source,none,diagram,not applicable,canonical
