method,rank,seed,hessian_frobenius_norm,mean_abs_diagonal,mean_abs_off_diagonal,offdiag_to_diag,interaction_density_at_1e-3_max
LoRA,1,123,0.0,0.0,0.0,0.0,0.0
LoRA,1,42,0.0,0.0,0.0,0.0,0.0
LoRA,1,456,0.0,0.0,0.0,0.0,0.0
LoRA,2,123,0.0,0.0,0.0,0.0,0.0
LoRA,2,42,0.0,0.0,0.0,0.0,0.0
LoRA,2,456,0.0,0.0,0.0,0.0,0.0
LoRA,4,123,0.0,0.0,0.0,0.0,0.0
LoRA,4,42,0.0,0.0,0.0,0.0,0.0
LoRA,4,456,0.0,0.0,0.0,0.0,0.0
LoRA,8,123,0.0,0.0,0.0,0.0,0.0
LoRA,8,42,0.0,0.0,0.0,0.0,0.0
LoRA,8,456,0.0,0.0,0.0,0.0,0.0
Symmetric Quadratic,1,123,146.8057727959269,0.191153349994697,0.13778037277553057,0.7207845051035313,0.9891306559244791
Symmetric Quadratic,1,42,140.27498752094553,0.18264972333456397,0.13191320627668707,0.722219578916833,0.9864925808376737
Symmetric Quadratic,1,456,178.37972784646345,0.2322652706334151,0.16562315030120767,0.7130775507195738,0.9789055718315972
Symmetric Quadratic,2,123,86.1081517721981,0.1525014492730137,0.08507540032283133,0.557866175881177,0.9936879475911459
Symmetric Quadratic,2,42,93.8504267894212,0.1711735361000645,0.09309668264972969,0.5438731054475817,0.9931691487630209
Symmetric Quadratic,2,456,96.43387410138067,0.1772211052617129,0.09559028953422227,0.5393843436001544,0.9935472276475694
Symmetric Quadratic,4,123,56.77799394232689,0.14112842642649437,0.0565233399850515,0.40050995689440866,0.9917331271701388
Symmetric Quadratic,4,42,48.310948559744936,0.10152642909910337,0.047145794998717176,0.46436967611883806,0.992340087890625
Symmetric Quadratic,4,456,52.95030167206118,0.12034039403158901,0.05150210651213431,0.4279702333215494,0.9899766710069444
Symmetric Quadratic,8,123,18.616330512012556,0.05206304170915768,0.018147423417739967,0.3485663307720137,0.9902309841579862
Symmetric Quadratic,8,42,18.01202810799026,0.047715873347051276,0.018251767637529028,0.3825093487107773,0.9927300347222222
Symmetric Quadratic,8,456,16.19897695963296,0.04396135767943645,0.016054401007728834,0.3651934756981656,0.99005126953125
