method,rank,seed,token_position,numerical_rank,effective_rank,stable_rank,spectral_norm,frobenius_norm
LoRA,1,123,0,1,1.0,1.0,56.158389213279044,56.158389213279044
LoRA,1,123,1,1,1.0,1.0,56.158389213279044,56.158389213279044
LoRA,1,123,2,1,1.0,1.0,56.158389213279044,56.158389213279044
LoRA,1,123,3,1,1.0,1.0,56.158389213279044,56.158389213279044
LoRA,1,123,4,1,1.0,1.0,56.158389213279044,56.158389213279044
LoRA,1,123,5,1,1.0,1.0,56.158389213279044,56.158389213279044
LoRA,1,123,6,1,1.0,1.0,56.158389213279044,56.158389213279044
LoRA,1,123,7,1,1.0,1.0,56.158389213279044,56.158389213279044
LoRA,1,123,8,1,1.0,1.0,56.158389213279044,56.158389213279044
LoRA,1,123,9,1,1.0,1.0,56.158389213279044,56.158389213279044
LoRA,1,123,10,1,1.0,1.0,56.158389213279044,56.158389213279044
LoRA,1,123,11,1,1.0,1.0,56.158389213279044,56.158389213279044
LoRA,1,123,12,1,1.0,1.0,56.158389213279044,56.158389213279044
LoRA,1,123,13,1,1.0,1.0,56.158389213279044,56.158389213279044
LoRA,1,123,14,1,1.0,1.0,56.158389213279044,56.158389213279044
LoRA,1,123,15,1,1.0,1.0,56.158389213279044,56.158389213279044
LoRA,1,123,16,1,1.0,1.0,56.158389213279044,56.158389213279044
LoRA,1,123,17,1,1.0,1.0,56.158389213279044,56.158389213279044
LoRA,1,123,18,1,1.0,1.0,56.158389213279044,56.158389213279044
LoRA,1,123,19,1,1.0,1.0,56.158389213279044,56.158389213279044
LoRA,1,123,20,1,1.0,1.0,56.158389213279044,56.158389213279044
LoRA,1,123,21,1,1.0,1.0,56.158389213279044,56.158389213279044
LoRA,1,123,22,1,1.0,1.0,56.158389213279044,56.158389213279044
LoRA,1,123,23,1,1.0,1.0,56.158389213279044,56.158389213279044
LoRA,1,123,24,1,1.0,1.0,56.158389213279044,56.158389213279044
LoRA,1,123,25,1,1.0,1.0,56.158389213279044,56.158389213279044
LoRA,1,123,26,1,1.0,1.0,56.158389213279044,56.158389213279044
LoRA,1,123,27,1,1.0,1.0,56.158389213279044,56.158389213279044
LoRA,1,123,28,1,1.0,1.0,56.158389213279044,56.158389213279044
LoRA,1,123,29,1,1.0,1.0,56.158389213279044,56.158389213279044
LoRA,1,123,30,1,1.0,1.0,56.158389213279044,56.158389213279044
LoRA,1,123,31,1,1.0,1.0,56.158389213279044,56.158389213279044
LoRA,1,42,0,1,1.0,1.0,56.14428897902648,56.14428897902648
LoRA,1,42,1,1,1.0,1.0,56.14428897902648,56.14428897902648
LoRA,1,42,2,1,1.0,1.0,56.14428897902648,56.14428897902648
LoRA,1,42,3,1,1.0,1.0,56.14428897902648,56.14428897902648
LoRA,1,42,4,1,1.0,1.0,56.14428897902648,56.14428897902648
LoRA,1,42,5,1,1.0,1.0,56.14428897902648,56.14428897902648
LoRA,1,42,6,1,1.0,1.0,56.14428897902648,56.14428897902648
LoRA,1,42,7,1,1.0,1.0,56.14428897902648,56.14428897902648
LoRA,1,42,8,1,1.0,1.0,56.14428897902648,56.14428897902648
LoRA,1,42,9,1,1.0,1.0,56.14428897902648,56.14428897902648
LoRA,1,42,10,1,1.0,1.0,56.14428897902648,56.14428897902648
LoRA,1,42,11,1,1.0,1.0,56.14428897902648,56.14428897902648
LoRA,1,42,12,1,1.0,1.0,56.14428897902648,56.14428897902648
LoRA,1,42,13,1,1.0,1.0,56.14428897902648,56.14428897902648
LoRA,1,42,14,1,1.0,1.0,56.14428897902648,56.14428897902648
LoRA,1,42,15,1,1.0,1.0,56.14428897902648,56.14428897902648
LoRA,1,42,16,1,1.0,1.0,56.14428897902648,56.14428897902648
LoRA,1,42,17,1,1.0,1.0,56.14428897902648,56.14428897902648
LoRA,1,42,18,1,1.0,1.0,56.14428897902648,56.14428897902648
LoRA,1,42,19,1,1.0,1.0,56.14428897902648,56.14428897902648
LoRA,1,42,20,1,1.0,1.0,56.14428897902648,56.14428897902648
LoRA,1,42,21,1,1.0,1.0,56.14428897902648,56.14428897902648
LoRA,1,42,22,1,1.0,1.0,56.14428897902648,56.14428897902648
LoRA,1,42,23,1,1.0,1.0,56.14428897902648,56.14428897902648
LoRA,1,42,24,1,1.0,1.0,56.14428897902648,56.14428897902648
LoRA,1,42,25,1,1.0,1.0,56.14428897902648,56.14428897902648
LoRA,1,42,26,1,1.0,1.0,56.14428897902648,56.14428897902648
LoRA,1,42,27,1,1.0,1.0,56.14428897902648,56.14428897902648
LoRA,1,42,28,1,1.0,1.0,56.14428897902648,56.14428897902648
LoRA,1,42,29,1,1.0,1.0,56.14428897902648,56.14428897902648
LoRA,1,42,30,1,1.0,1.0,56.14428897902648,56.14428897902648
LoRA,1,42,31,1,1.0,1.0,56.14428897902648,56.14428897902648
LoRA,1,456,0,1,1.0,1.0,58.152160620366196,58.152160620366196
LoRA,1,456,1,1,1.0,1.0,58.152160620366196,58.152160620366196
LoRA,1,456,2,1,1.0,1.0,58.152160620366196,58.152160620366196
LoRA,1,456,3,1,1.0,1.0,58.152160620366196,58.152160620366196
LoRA,1,456,4,1,1.0,1.0,58.152160620366196,58.152160620366196
LoRA,1,456,5,1,1.0,1.0,58.152160620366196,58.152160620366196
LoRA,1,456,6,1,1.0,1.0,58.152160620366196,58.152160620366196
LoRA,1,456,7,1,1.0,1.0,58.152160620366196,58.152160620366196
LoRA,1,456,8,1,1.0,1.0,58.152160620366196,58.152160620366196
LoRA,1,456,9,1,1.0,1.0,58.152160620366196,58.152160620366196
LoRA,1,456,10,1,1.0,1.0,58.152160620366196,58.152160620366196
LoRA,1,456,11,1,1.0,1.0,58.152160620366196,58.152160620366196
LoRA,1,456,12,1,1.0,1.0,58.152160620366196,58.152160620366196
LoRA,1,456,13,1,1.0,1.0,58.152160620366196,58.152160620366196
LoRA,1,456,14,1,1.0,1.0,58.152160620366196,58.152160620366196
LoRA,1,456,15,1,1.0,1.0,58.152160620366196,58.152160620366196
LoRA,1,456,16,1,1.0,1.0,58.152160620366196,58.152160620366196
LoRA,1,456,17,1,1.0,1.0,58.152160620366196,58.152160620366196
LoRA,1,456,18,1,1.0,1.0,58.152160620366196,58.152160620366196
LoRA,1,456,19,1,1.0,1.0,58.152160620366196,58.152160620366196
LoRA,1,456,20,1,1.0,1.0,58.152160620366196,58.152160620366196
LoRA,1,456,21,1,1.0,1.0,58.152160620366196,58.152160620366196
LoRA,1,456,22,1,1.0,1.0,58.152160620366196,58.152160620366196
LoRA,1,456,23,1,1.0,1.0,58.152160620366196,58.152160620366196
LoRA,1,456,24,1,1.0,1.0,58.152160620366196,58.152160620366196
LoRA,1,456,25,1,1.0,1.0,58.152160620366196,58.152160620366196
LoRA,1,456,26,1,1.0,1.0,58.152160620366196,58.152160620366196
LoRA,1,456,27,1,1.0,1.0,58.152160620366196,58.152160620366196
LoRA,1,456,28,1,1.0,1.0,58.152160620366196,58.152160620366196
LoRA,1,456,29,1,1.0,1.0,58.152160620366196,58.152160620366196
LoRA,1,456,30,1,1.0,1.0,58.152160620366196,58.152160620366196
LoRA,1,456,31,1,1.0,1.0,58.152160620366196,58.152160620366196
LoRA,2,123,0,2,1.927539149377131,1.3304154805121167,37.72653027298292,43.51515247212652
LoRA,2,123,1,2,1.927539149377131,1.3304154805121167,37.72653027298292,43.51515247212652
LoRA,2,123,2,2,1.927539149377131,1.3304154805121167,37.72653027298292,43.51515247212652
LoRA,2,123,3,2,1.927539149377131,1.3304154805121167,37.72653027298292,43.51515247212652
LoRA,2,123,4,2,1.927539149377131,1.3304154805121167,37.72653027298292,43.51515247212652
LoRA,2,123,5,2,1.927539149377131,1.3304154805121167,37.72653027298292,43.51515247212652
LoRA,2,123,6,2,1.927539149377131,1.3304154805121167,37.72653027298292,43.51515247212652
LoRA,2,123,7,2,1.927539149377131,1.3304154805121167,37.72653027298292,43.51515247212652
LoRA,2,123,8,2,1.927539149377131,1.3304154805121167,37.72653027298292,43.51515247212652
LoRA,2,123,9,2,1.927539149377131,1.3304154805121167,37.72653027298292,43.51515247212652
LoRA,2,123,10,2,1.927539149377131,1.3304154805121167,37.72653027298292,43.51515247212652
LoRA,2,123,11,2,1.927539149377131,1.3304154805121167,37.72653027298292,43.51515247212652
LoRA,2,123,12,2,1.927539149377131,1.3304154805121167,37.72653027298292,43.51515247212652
LoRA,2,123,13,2,1.927539149377131,1.3304154805121167,37.72653027298292,43.51515247212652
LoRA,2,123,14,2,1.927539149377131,1.3304154805121167,37.72653027298292,43.51515247212652
LoRA,2,123,15,2,1.927539149377131,1.3304154805121167,37.72653027298292,43.51515247212652
LoRA,2,123,16,2,1.927539149377131,1.3304154805121167,37.72653027298292,43.51515247212652
LoRA,2,123,17,2,1.927539149377131,1.3304154805121167,37.72653027298292,43.51515247212652
LoRA,2,123,18,2,1.927539149377131,1.3304154805121167,37.72653027298292,43.51515247212652
LoRA,2,123,19,2,1.927539149377131,1.3304154805121167,37.72653027298292,43.51515247212652
LoRA,2,123,20,2,1.927539149377131,1.3304154805121167,37.72653027298292,43.51515247212652
LoRA,2,123,21,2,1.927539149377131,1.3304154805121167,37.72653027298292,43.51515247212652
LoRA,2,123,22,2,1.927539149377131,1.3304154805121167,37.72653027298292,43.51515247212652
LoRA,2,123,23,2,1.927539149377131,1.3304154805121167,37.72653027298292,43.51515247212652
LoRA,2,123,24,2,1.927539149377131,1.3304154805121167,37.72653027298292,43.51515247212652
LoRA,2,123,25,2,1.927539149377131,1.3304154805121167,37.72653027298292,43.51515247212652
LoRA,2,123,26,2,1.927539149377131,1.3304154805121167,37.72653027298292,43.51515247212652
LoRA,2,123,27,2,1.927539149377131,1.3304154805121167,37.72653027298292,43.51515247212652
LoRA,2,123,28,2,1.927539149377131,1.3304154805121167,37.72653027298292,43.51515247212652
LoRA,2,123,29,2,1.927539149377131,1.3304154805121167,37.72653027298292,43.51515247212652
LoRA,2,123,30,2,1.927539149377131,1.3304154805121167,37.72653027298292,43.51515247212652
LoRA,2,123,31,2,1.927539149377131,1.3304154805121167,37.72653027298292,43.51515247212652
LoRA,2,42,0,2,1.9686211966434521,1.488181422989945,35.849815364501936,43.733563173725614
LoRA,2,42,1,2,1.9686211966434521,1.488181422989945,35.849815364501936,43.733563173725614
LoRA,2,42,2,2,1.9686211966434521,1.488181422989945,35.849815364501936,43.733563173725614
LoRA,2,42,3,2,1.9686211966434521,1.488181422989945,35.849815364501936,43.733563173725614
LoRA,2,42,4,2,1.9686211966434521,1.488181422989945,35.849815364501936,43.733563173725614
LoRA,2,42,5,2,1.9686211966434521,1.488181422989945,35.849815364501936,43.733563173725614
LoRA,2,42,6,2,1.9686211966434521,1.488181422989945,35.849815364501936,43.733563173725614
LoRA,2,42,7,2,1.9686211966434521,1.488181422989945,35.849815364501936,43.733563173725614
LoRA,2,42,8,2,1.9686211966434521,1.488181422989945,35.849815364501936,43.733563173725614
LoRA,2,42,9,2,1.9686211966434521,1.488181422989945,35.849815364501936,43.733563173725614
LoRA,2,42,10,2,1.9686211966434521,1.488181422989945,35.849815364501936,43.733563173725614
LoRA,2,42,11,2,1.9686211966434521,1.488181422989945,35.849815364501936,43.733563173725614
LoRA,2,42,12,2,1.9686211966434521,1.488181422989945,35.849815364501936,43.733563173725614
LoRA,2,42,13,2,1.9686211966434521,1.488181422989945,35.849815364501936,43.733563173725614
LoRA,2,42,14,2,1.9686211966434521,1.488181422989945,35.849815364501936,43.733563173725614
LoRA,2,42,15,2,1.9686211966434521,1.488181422989945,35.849815364501936,43.733563173725614
LoRA,2,42,16,2,1.9686211966434521,1.488181422989945,35.849815364501936,43.733563173725614
LoRA,2,42,17,2,1.9686211966434521,1.488181422989945,35.849815364501936,43.733563173725614
LoRA,2,42,18,2,1.9686211966434521,1.488181422989945,35.849815364501936,43.733563173725614
LoRA,2,42,19,2,1.9686211966434521,1.488181422989945,35.849815364501936,43.733563173725614
LoRA,2,42,20,2,1.9686211966434521,1.488181422989945,35.849815364501936,43.733563173725614
LoRA,2,42,21,2,1.9686211966434521,1.488181422989945,35.849815364501936,43.733563173725614
LoRA,2,42,22,2,1.9686211966434521,1.488181422989945,35.849815364501936,43.733563173725614
LoRA,2,42,23,2,1.9686211966434521,1.488181422989945,35.849815364501936,43.733563173725614
LoRA,2,42,24,2,1.9686211966434521,1.488181422989945,35.849815364501936,43.733563173725614
LoRA,2,42,25,2,1.9686211966434521,1.488181422989945,35.849815364501936,43.733563173725614
LoRA,2,42,26,2,1.9686211966434521,1.488181422989945,35.849815364501936,43.733563173725614
LoRA,2,42,27,2,1.9686211966434521,1.488181422989945,35.849815364501936,43.733563173725614
LoRA,2,42,28,2,1.9686211966434521,1.488181422989945,35.849815364501936,43.733563173725614
LoRA,2,42,29,2,1.9686211966434521,1.488181422989945,35.849815364501936,43.733563173725614
LoRA,2,42,30,2,1.9686211966434521,1.488181422989945,35.849815364501936,43.733563173725614
LoRA,2,42,31,2,1.9686211966434521,1.488181422989945,35.849815364501936,43.733563173725614
LoRA,2,456,0,2,1.8675126630710186,1.2154674168196258,39.96706096706216,44.06298083388035
LoRA,2,456,1,2,1.8675126630710186,1.2154674168196258,39.96706096706216,44.06298083388035
LoRA,2,456,2,2,1.8675126630710186,1.2154674168196258,39.96706096706216,44.06298083388035
LoRA,2,456,3,2,1.8675126630710186,1.2154674168196258,39.96706096706216,44.06298083388035
LoRA,2,456,4,2,1.8675126630710186,1.2154674168196258,39.96706096706216,44.06298083388035
LoRA,2,456,5,2,1.8675126630710186,1.2154674168196258,39.96706096706216,44.06298083388035
LoRA,2,456,6,2,1.8675126630710186,1.2154674168196258,39.96706096706216,44.06298083388035
LoRA,2,456,7,2,1.8675126630710186,1.2154674168196258,39.96706096706216,44.06298083388035
LoRA,2,456,8,2,1.8675126630710186,1.2154674168196258,39.96706096706216,44.06298083388035
LoRA,2,456,9,2,1.8675126630710186,1.2154674168196258,39.96706096706216,44.06298083388035
LoRA,2,456,10,2,1.8675126630710186,1.2154674168196258,39.96706096706216,44.06298083388035
LoRA,2,456,11,2,1.8675126630710186,1.2154674168196258,39.96706096706216,44.06298083388035
LoRA,2,456,12,2,1.8675126630710186,1.2154674168196258,39.96706096706216,44.06298083388035
LoRA,2,456,13,2,1.8675126630710186,1.2154674168196258,39.96706096706216,44.06298083388035
LoRA,2,456,14,2,1.8675126630710186,1.2154674168196258,39.96706096706216,44.06298083388035
LoRA,2,456,15,2,1.8675126630710186,1.2154674168196258,39.96706096706216,44.06298083388035
LoRA,2,456,16,2,1.8675126630710186,1.2154674168196258,39.96706096706216,44.06298083388035
LoRA,2,456,17,2,1.8675126630710186,1.2154674168196258,39.96706096706216,44.06298083388035
LoRA,2,456,18,2,1.8675126630710186,1.2154674168196258,39.96706096706216,44.06298083388035
LoRA,2,456,19,2,1.8675126630710186,1.2154674168196258,39.96706096706216,44.06298083388035
LoRA,2,456,20,2,1.8675126630710186,1.2154674168196258,39.96706096706216,44.06298083388035
LoRA,2,456,21,2,1.8675126630710186,1.2154674168196258,39.96706096706216,44.06298083388035
LoRA,2,456,22,2,1.8675126630710186,1.2154674168196258,39.96706096706216,44.06298083388035
LoRA,2,456,23,2,1.8675126630710186,1.2154674168196258,39.96706096706216,44.06298083388035
LoRA,2,456,24,2,1.8675126630710186,1.2154674168196258,39.96706096706216,44.06298083388035
LoRA,2,456,25,2,1.8675126630710186,1.2154674168196258,39.96706096706216,44.06298083388035
LoRA,2,456,26,2,1.8675126630710186,1.2154674168196258,39.96706096706216,44.06298083388035
LoRA,2,456,27,2,1.8675126630710186,1.2154674168196258,39.96706096706216,44.06298083388035
LoRA,2,456,28,2,1.8675126630710186,1.2154674168196258,39.96706096706216,44.06298083388035
LoRA,2,456,29,2,1.8675126630710186,1.2154674168196258,39.96706096706216,44.06298083388035
LoRA,2,456,30,2,1.8675126630710186,1.2154674168196258,39.96706096706216,44.06298083388035
LoRA,2,456,31,2,1.8675126630710186,1.2154674168196258,39.96706096706216,44.06298083388035
LoRA,4,123,0,4,3.667865651866358,1.599217103104173,24.752576832356883,31.302147252238388
LoRA,4,123,1,4,3.667865651866358,1.599217103104173,24.752576832356883,31.302147252238388
LoRA,4,123,2,4,3.667865651866358,1.599217103104173,24.752576832356883,31.302147252238388
LoRA,4,123,3,4,3.667865651866358,1.599217103104173,24.752576832356883,31.302147252238388
LoRA,4,123,4,4,3.667865651866358,1.599217103104173,24.752576832356883,31.302147252238388
LoRA,4,123,5,4,3.667865651866358,1.599217103104173,24.752576832356883,31.302147252238388
LoRA,4,123,6,4,3.667865651866358,1.599217103104173,24.752576832356883,31.302147252238388
LoRA,4,123,7,4,3.667865651866358,1.599217103104173,24.752576832356883,31.302147252238388
LoRA,4,123,8,4,3.667865651866358,1.599217103104173,24.752576832356883,31.302147252238388
LoRA,4,123,9,4,3.667865651866358,1.599217103104173,24.752576832356883,31.302147252238388
LoRA,4,123,10,4,3.667865651866358,1.599217103104173,24.752576832356883,31.302147252238388
LoRA,4,123,11,4,3.667865651866358,1.599217103104173,24.752576832356883,31.302147252238388
LoRA,4,123,12,4,3.667865651866358,1.599217103104173,24.752576832356883,31.302147252238388
LoRA,4,123,13,4,3.667865651866358,1.599217103104173,24.752576832356883,31.302147252238388
LoRA,4,123,14,4,3.667865651866358,1.599217103104173,24.752576832356883,31.302147252238388
LoRA,4,123,15,4,3.667865651866358,1.599217103104173,24.752576832356883,31.302147252238388
LoRA,4,123,16,4,3.667865651866358,1.599217103104173,24.752576832356883,31.302147252238388
LoRA,4,123,17,4,3.667865651866358,1.599217103104173,24.752576832356883,31.302147252238388
LoRA,4,123,18,4,3.667865651866358,1.599217103104173,24.752576832356883,31.302147252238388
LoRA,4,123,19,4,3.667865651866358,1.599217103104173,24.752576832356883,31.302147252238388
LoRA,4,123,20,4,3.667865651866358,1.599217103104173,24.752576832356883,31.302147252238388
LoRA,4,123,21,4,3.667865651866358,1.599217103104173,24.752576832356883,31.302147252238388
LoRA,4,123,22,4,3.667865651866358,1.599217103104173,24.752576832356883,31.302147252238388
LoRA,4,123,23,4,3.667865651866358,1.599217103104173,24.752576832356883,31.302147252238388
LoRA,4,123,24,4,3.667865651866358,1.599217103104173,24.752576832356883,31.302147252238388
LoRA,4,123,25,4,3.667865651866358,1.599217103104173,24.752576832356883,31.302147252238388
LoRA,4,123,26,4,3.667865651866358,1.599217103104173,24.752576832356883,31.302147252238388
LoRA,4,123,27,4,3.667865651866358,1.599217103104173,24.752576832356883,31.302147252238388
LoRA,4,123,28,4,3.667865651866358,1.599217103104173,24.752576832356883,31.302147252238388
LoRA,4,123,29,4,3.667865651866358,1.599217103104173,24.752576832356883,31.302147252238388
LoRA,4,123,30,4,3.667865651866358,1.599217103104173,24.752576832356883,31.302147252238388
LoRA,4,123,31,4,3.667865651866358,1.599217103104173,24.752576832356883,31.302147252238388
LoRA,4,42,0,4,3.7709865497893498,1.7224730702721807,22.775576451769403,29.891354708257836
LoRA,4,42,1,4,3.7709865497893498,1.7224730702721807,22.775576451769403,29.891354708257836
LoRA,4,42,2,4,3.7709865497893498,1.7224730702721807,22.775576451769403,29.891354708257836
LoRA,4,42,3,4,3.7709865497893498,1.7224730702721807,22.775576451769403,29.891354708257836
LoRA,4,42,4,4,3.7709865497893498,1.7224730702721807,22.775576451769403,29.891354708257836
LoRA,4,42,5,4,3.7709865497893498,1.7224730702721807,22.775576451769403,29.891354708257836
LoRA,4,42,6,4,3.7709865497893498,1.7224730702721807,22.775576451769403,29.891354708257836
LoRA,4,42,7,4,3.7709865497893498,1.7224730702721807,22.775576451769403,29.891354708257836
LoRA,4,42,8,4,3.7709865497893498,1.7224730702721807,22.775576451769403,29.891354708257836
LoRA,4,42,9,4,3.7709865497893498,1.7224730702721807,22.775576451769403,29.891354708257836
LoRA,4,42,10,4,3.7709865497893498,1.7224730702721807,22.775576451769403,29.891354708257836
LoRA,4,42,11,4,3.7709865497893498,1.7224730702721807,22.775576451769403,29.891354708257836
LoRA,4,42,12,4,3.7709865497893498,1.7224730702721807,22.775576451769403,29.891354708257836
LoRA,4,42,13,4,3.7709865497893498,1.7224730702721807,22.775576451769403,29.891354708257836
LoRA,4,42,14,4,3.7709865497893498,1.7224730702721807,22.775576451769403,29.891354708257836
LoRA,4,42,15,4,3.7709865497893498,1.7224730702721807,22.775576451769403,29.891354708257836
LoRA,4,42,16,4,3.7709865497893498,1.7224730702721807,22.775576451769403,29.891354708257836
LoRA,4,42,17,4,3.7709865497893498,1.7224730702721807,22.775576451769403,29.891354708257836
LoRA,4,42,18,4,3.7709865497893498,1.7224730702721807,22.775576451769403,29.891354708257836
LoRA,4,42,19,4,3.7709865497893498,1.7224730702721807,22.775576451769403,29.891354708257836
LoRA,4,42,20,4,3.7709865497893498,1.7224730702721807,22.775576451769403,29.891354708257836
LoRA,4,42,21,4,3.7709865497893498,1.7224730702721807,22.775576451769403,29.891354708257836
LoRA,4,42,22,4,3.7709865497893498,1.7224730702721807,22.775576451769403,29.891354708257836
LoRA,4,42,23,4,3.7709865497893498,1.7224730702721807,22.775576451769403,29.891354708257836
LoRA,4,42,24,4,3.7709865497893498,1.7224730702721807,22.775576451769403,29.891354708257836
LoRA,4,42,25,4,3.7709865497893498,1.7224730702721807,22.775576451769403,29.891354708257836
LoRA,4,42,26,4,3.7709865497893498,1.7224730702721807,22.775576451769403,29.891354708257836
LoRA,4,42,27,4,3.7709865497893498,1.7224730702721807,22.775576451769403,29.891354708257836
LoRA,4,42,28,4,3.7709865497893498,1.7224730702721807,22.775576451769403,29.891354708257836
LoRA,4,42,29,4,3.7709865497893498,1.7224730702721807,22.775576451769403,29.891354708257836
LoRA,4,42,30,4,3.7709865497893498,1.7224730702721807,22.775576451769403,29.891354708257836
LoRA,4,42,31,4,3.7709865497893498,1.7224730702721807,22.775576451769403,29.891354708257836
LoRA,4,456,0,4,3.8382081310965077,2.0238429095466004,21.68705454506481,30.852401294324572
LoRA,4,456,1,4,3.8382081310965077,2.0238429095466004,21.68705454506481,30.852401294324572
LoRA,4,456,2,4,3.8382081310965077,2.0238429095466004,21.68705454506481,30.852401294324572
LoRA,4,456,3,4,3.8382081310965077,2.0238429095466004,21.68705454506481,30.852401294324572
LoRA,4,456,4,4,3.8382081310965077,2.0238429095466004,21.68705454506481,30.852401294324572
LoRA,4,456,5,4,3.8382081310965077,2.0238429095466004,21.68705454506481,30.852401294324572
LoRA,4,456,6,4,3.8382081310965077,2.0238429095466004,21.68705454506481,30.852401294324572
LoRA,4,456,7,4,3.8382081310965077,2.0238429095466004,21.68705454506481,30.852401294324572
LoRA,4,456,8,4,3.8382081310965077,2.0238429095466004,21.68705454506481,30.852401294324572
LoRA,4,456,9,4,3.8382081310965077,2.0238429095466004,21.68705454506481,30.852401294324572
LoRA,4,456,10,4,3.8382081310965077,2.0238429095466004,21.68705454506481,30.852401294324572
LoRA,4,456,11,4,3.8382081310965077,2.0238429095466004,21.68705454506481,30.852401294324572
LoRA,4,456,12,4,3.8382081310965077,2.0238429095466004,21.68705454506481,30.852401294324572
LoRA,4,456,13,4,3.8382081310965077,2.0238429095466004,21.68705454506481,30.852401294324572
LoRA,4,456,14,4,3.8382081310965077,2.0238429095466004,21.68705454506481,30.852401294324572
LoRA,4,456,15,4,3.8382081310965077,2.0238429095466004,21.68705454506481,30.852401294324572
LoRA,4,456,16,4,3.8382081310965077,2.0238429095466004,21.68705454506481,30.852401294324572
LoRA,4,456,17,4,3.8382081310965077,2.0238429095466004,21.68705454506481,30.852401294324572
LoRA,4,456,18,4,3.8382081310965077,2.0238429095466004,21.68705454506481,30.852401294324572
LoRA,4,456,19,4,3.8382081310965077,2.0238429095466004,21.68705454506481,30.852401294324572
LoRA,4,456,20,4,3.8382081310965077,2.0238429095466004,21.68705454506481,30.852401294324572
LoRA,4,456,21,4,3.8382081310965077,2.0238429095466004,21.68705454506481,30.852401294324572
LoRA,4,456,22,4,3.8382081310965077,2.0238429095466004,21.68705454506481,30.852401294324572
LoRA,4,456,23,4,3.8382081310965077,2.0238429095466004,21.68705454506481,30.852401294324572
LoRA,4,456,24,4,3.8382081310965077,2.0238429095466004,21.68705454506481,30.852401294324572
LoRA,4,456,25,4,3.8382081310965077,2.0238429095466004,21.68705454506481,30.852401294324572
LoRA,4,456,26,4,3.8382081310965077,2.0238429095466004,21.68705454506481,30.852401294324572
LoRA,4,456,27,4,3.8382081310965077,2.0238429095466004,21.68705454506481,30.852401294324572
LoRA,4,456,28,4,3.8382081310965077,2.0238429095466004,21.68705454506481,30.852401294324572
LoRA,4,456,29,4,3.8382081310965077,2.0238429095466004,21.68705454506481,30.852401294324572
LoRA,4,456,30,4,3.8382081310965077,2.0238429095466004,21.68705454506481,30.852401294324572
LoRA,4,456,31,4,3.8382081310965077,2.0238429095466004,21.68705454506481,30.852401294324572
LoRA,8,123,0,8,6.583963584121837,1.809539935777755,15.386581412863338,20.69789718153645
LoRA,8,123,1,8,6.583963584121837,1.809539935777755,15.386581412863338,20.69789718153645
LoRA,8,123,2,8,6.583963584121837,1.809539935777755,15.386581412863338,20.69789718153645
LoRA,8,123,3,8,6.583963584121837,1.809539935777755,15.386581412863338,20.69789718153645
LoRA,8,123,4,8,6.583963584121837,1.809539935777755,15.386581412863338,20.69789718153645
LoRA,8,123,5,8,6.583963584121837,1.809539935777755,15.386581412863338,20.69789718153645
LoRA,8,123,6,8,6.583963584121837,1.809539935777755,15.386581412863338,20.69789718153645
LoRA,8,123,7,8,6.583963584121837,1.809539935777755,15.386581412863338,20.69789718153645
LoRA,8,123,8,8,6.583963584121837,1.809539935777755,15.386581412863338,20.69789718153645
LoRA,8,123,9,8,6.583963584121837,1.809539935777755,15.386581412863338,20.69789718153645
LoRA,8,123,10,8,6.583963584121837,1.809539935777755,15.386581412863338,20.69789718153645
LoRA,8,123,11,8,6.583963584121837,1.809539935777755,15.386581412863338,20.69789718153645
LoRA,8,123,12,8,6.583963584121837,1.809539935777755,15.386581412863338,20.69789718153645
LoRA,8,123,13,8,6.583963584121837,1.809539935777755,15.386581412863338,20.69789718153645
LoRA,8,123,14,8,6.583963584121837,1.809539935777755,15.386581412863338,20.69789718153645
LoRA,8,123,15,8,6.583963584121837,1.809539935777755,15.386581412863338,20.69789718153645
LoRA,8,123,16,8,6.583963584121837,1.809539935777755,15.386581412863338,20.69789718153645
LoRA,8,123,17,8,6.583963584121837,1.809539935777755,15.386581412863338,20.69789718153645
LoRA,8,123,18,8,6.583963584121837,1.809539935777755,15.386581412863338,20.69789718153645
LoRA,8,123,19,8,6.583963584121837,1.809539935777755,15.386581412863338,20.69789718153645
LoRA,8,123,20,8,6.583963584121837,1.809539935777755,15.386581412863338,20.69789718153645
LoRA,8,123,21,8,6.583963584121837,1.809539935777755,15.386581412863338,20.69789718153645
LoRA,8,123,22,8,6.583963584121837,1.809539935777755,15.386581412863338,20.69789718153645
LoRA,8,123,23,8,6.583963584121837,1.809539935777755,15.386581412863338,20.69789718153645
LoRA,8,123,24,8,6.583963584121837,1.809539935777755,15.386581412863338,20.69789718153645
LoRA,8,123,25,8,6.583963584121837,1.809539935777755,15.386581412863338,20.69789718153645
LoRA,8,123,26,8,6.583963584121837,1.809539935777755,15.386581412863338,20.69789718153645
LoRA,8,123,27,8,6.583963584121837,1.809539935777755,15.386581412863338,20.69789718153645
LoRA,8,123,28,8,6.583963584121837,1.809539935777755,15.386581412863338,20.69789718153645
LoRA,8,123,29,8,6.583963584121837,1.809539935777755,15.386581412863338,20.69789718153645
LoRA,8,123,30,8,6.583963584121837,1.809539935777755,15.386581412863338,20.69789718153645
LoRA,8,123,31,8,6.583963584121837,1.809539935777755,15.386581412863338,20.69789718153645
LoRA,8,42,0,8,6.469347254339992,1.6534187665999591,16.84655876106876,21.662203553094106
LoRA,8,42,1,8,6.469347254339992,1.6534187665999591,16.84655876106876,21.662203553094106
LoRA,8,42,2,8,6.469347254339992,1.6534187665999591,16.84655876106876,21.662203553094106
LoRA,8,42,3,8,6.469347254339992,1.6534187665999591,16.84655876106876,21.662203553094106
LoRA,8,42,4,8,6.469347254339992,1.6534187665999591,16.84655876106876,21.662203553094106
LoRA,8,42,5,8,6.469347254339992,1.6534187665999591,16.84655876106876,21.662203553094106
LoRA,8,42,6,8,6.469347254339992,1.6534187665999591,16.84655876106876,21.662203553094106
LoRA,8,42,7,8,6.469347254339992,1.6534187665999591,16.84655876106876,21.662203553094106
LoRA,8,42,8,8,6.469347254339992,1.6534187665999591,16.84655876106876,21.662203553094106
LoRA,8,42,9,8,6.469347254339992,1.6534187665999591,16.84655876106876,21.662203553094106
LoRA,8,42,10,8,6.469347254339992,1.6534187665999591,16.84655876106876,21.662203553094106
LoRA,8,42,11,8,6.469347254339992,1.6534187665999591,16.84655876106876,21.662203553094106
LoRA,8,42,12,8,6.469347254339992,1.6534187665999591,16.84655876106876,21.662203553094106
LoRA,8,42,13,8,6.469347254339992,1.6534187665999591,16.84655876106876,21.662203553094106
LoRA,8,42,14,8,6.469347254339992,1.6534187665999591,16.84655876106876,21.662203553094106
LoRA,8,42,15,8,6.469347254339992,1.6534187665999591,16.84655876106876,21.662203553094106
LoRA,8,42,16,8,6.469347254339992,1.6534187665999591,16.84655876106876,21.662203553094106
LoRA,8,42,17,8,6.469347254339992,1.6534187665999591,16.84655876106876,21.662203553094106
LoRA,8,42,18,8,6.469347254339992,1.6534187665999591,16.84655876106876,21.662203553094106
LoRA,8,42,19,8,6.469347254339992,1.6534187665999591,16.84655876106876,21.662203553094106
LoRA,8,42,20,8,6.469347254339992,1.6534187665999591,16.84655876106876,21.662203553094106
LoRA,8,42,21,8,6.469347254339992,1.6534187665999591,16.84655876106876,21.662203553094106
LoRA,8,42,22,8,6.469347254339992,1.6534187665999591,16.84655876106876,21.662203553094106
LoRA,8,42,23,8,6.469347254339992,1.6534187665999591,16.84655876106876,21.662203553094106
LoRA,8,42,24,8,6.469347254339992,1.6534187665999591,16.84655876106876,21.662203553094106
LoRA,8,42,25,8,6.469347254339992,1.6534187665999591,16.84655876106876,21.662203553094106
LoRA,8,42,26,8,6.469347254339992,1.6534187665999591,16.84655876106876,21.662203553094106
LoRA,8,42,27,8,6.469347254339992,1.6534187665999591,16.84655876106876,21.662203553094106
LoRA,8,42,28,8,6.469347254339992,1.6534187665999591,16.84655876106876,21.662203553094106
LoRA,8,42,29,8,6.469347254339992,1.6534187665999591,16.84655876106876,21.662203553094106
LoRA,8,42,30,8,6.469347254339992,1.6534187665999591,16.84655876106876,21.662203553094106
LoRA,8,42,31,8,6.469347254339992,1.6534187665999591,16.84655876106876,21.662203553094106
LoRA,8,456,0,8,6.642655216511038,1.79332304104455,14.96226435133721,20.0367180856353
LoRA,8,456,1,8,6.642655216511038,1.79332304104455,14.96226435133721,20.0367180856353
LoRA,8,456,2,8,6.642655216511038,1.79332304104455,14.96226435133721,20.0367180856353
LoRA,8,456,3,8,6.642655216511038,1.79332304104455,14.96226435133721,20.0367180856353
LoRA,8,456,4,8,6.642655216511038,1.79332304104455,14.96226435133721,20.0367180856353
LoRA,8,456,5,8,6.642655216511038,1.79332304104455,14.96226435133721,20.0367180856353
LoRA,8,456,6,8,6.642655216511038,1.79332304104455,14.96226435133721,20.0367180856353
LoRA,8,456,7,8,6.642655216511038,1.79332304104455,14.96226435133721,20.0367180856353
LoRA,8,456,8,8,6.642655216511038,1.79332304104455,14.96226435133721,20.0367180856353
LoRA,8,456,9,8,6.642655216511038,1.79332304104455,14.96226435133721,20.0367180856353
LoRA,8,456,10,8,6.642655216511038,1.79332304104455,14.96226435133721,20.0367180856353
LoRA,8,456,11,8,6.642655216511038,1.79332304104455,14.96226435133721,20.0367180856353
LoRA,8,456,12,8,6.642655216511038,1.79332304104455,14.96226435133721,20.0367180856353
LoRA,8,456,13,8,6.642655216511038,1.79332304104455,14.96226435133721,20.0367180856353
LoRA,8,456,14,8,6.642655216511038,1.79332304104455,14.96226435133721,20.0367180856353
LoRA,8,456,15,8,6.642655216511038,1.79332304104455,14.96226435133721,20.0367180856353
LoRA,8,456,16,8,6.642655216511038,1.79332304104455,14.96226435133721,20.0367180856353
LoRA,8,456,17,8,6.642655216511038,1.79332304104455,14.96226435133721,20.0367180856353
LoRA,8,456,18,8,6.642655216511038,1.79332304104455,14.96226435133721,20.0367180856353
LoRA,8,456,19,8,6.642655216511038,1.79332304104455,14.96226435133721,20.0367180856353
LoRA,8,456,20,8,6.642655216511038,1.79332304104455,14.96226435133721,20.0367180856353
LoRA,8,456,21,8,6.642655216511038,1.79332304104455,14.96226435133721,20.0367180856353
LoRA,8,456,22,8,6.642655216511038,1.79332304104455,14.96226435133721,20.0367180856353
LoRA,8,456,23,8,6.642655216511038,1.79332304104455,14.96226435133721,20.0367180856353
LoRA,8,456,24,8,6.642655216511038,1.79332304104455,14.96226435133721,20.0367180856353
LoRA,8,456,25,8,6.642655216511038,1.79332304104455,14.96226435133721,20.0367180856353
LoRA,8,456,26,8,6.642655216511038,1.79332304104455,14.96226435133721,20.0367180856353
LoRA,8,456,27,8,6.642655216511038,1.79332304104455,14.96226435133721,20.0367180856353
LoRA,8,456,28,8,6.642655216511038,1.79332304104455,14.96226435133721,20.0367180856353
LoRA,8,456,29,8,6.642655216511038,1.79332304104455,14.96226435133721,20.0367180856353
LoRA,8,456,30,8,6.642655216511038,1.79332304104455,14.96226435133721,20.0367180856353
LoRA,8,456,31,8,6.642655216511038,1.79332304104455,14.96226435133721,20.0367180856353
Symmetric Quadratic,1,123,0,1,1.0,1.0,144.7927798059866,144.7927798059866
Symmetric Quadratic,1,123,1,1,1.0,1.0,6.0382383835007944,6.0382383835007944
Symmetric Quadratic,1,123,2,1,1.0,1.0,106.40699400604181,106.40699400604181
Symmetric Quadratic,1,123,3,1,1.0,1.0,11.088729336970895,11.088729336970895
Symmetric Quadratic,1,123,4,1,1.0,1.0,13.743955668056843,13.743955668056843
Symmetric Quadratic,1,123,5,1,1.0,1.0,94.10959364125345,94.10959364125345
Symmetric Quadratic,1,123,6,1,1.0,1.0,426.98772777626766,426.98772777626766
Symmetric Quadratic,1,123,7,1,1.0,1.0,387.33350571444885,387.33350571444885
Symmetric Quadratic,1,123,8,1,1.0,1.0,64.89093731407581,64.89093731407581
Symmetric Quadratic,1,123,9,1,1.0,1.0,169.37434922561653,169.37434922561653
Symmetric Quadratic,1,123,10,1,1.0,1.0,22.348381585464537,22.348381585464537
Symmetric Quadratic,1,123,11,1,1.0,1.0,25.57165130420395,25.57165130420395
Symmetric Quadratic,1,123,12,1,1.0,1.0,196.02825489172082,196.02825489172082
Symmetric Quadratic,1,123,13,1,1.0,1.0,95.04553626065143,95.04553626065143
Symmetric Quadratic,1,123,14,1,1.0,1.0,137.96800761823917,137.96800761823917
Symmetric Quadratic,1,123,15,1,1.0,1.0,58.14122186171918,58.14122186171918
Symmetric Quadratic,1,123,16,1,1.0,1.0,226.81929362177186,226.81929362177186
Symmetric Quadratic,1,123,17,1,1.0,1.0,61.748664889578215,61.748664889578215
Symmetric Quadratic,1,123,18,1,1.0,1.0,184.72688575287975,184.72688575287975
Symmetric Quadratic,1,123,19,1,1.0,1.0,124.66422651053949,124.66422651053949
Symmetric Quadratic,1,123,20,1,1.0,1.0,150.60915767920102,150.60915767920102
Symmetric Quadratic,1,123,21,1,1.0,1.0,318.7824145030761,318.7824145030761
Symmetric Quadratic,1,123,22,1,1.0,1.0,208.10193347834814,208.10193347834814
Symmetric Quadratic,1,123,23,1,1.0,1.0,153.80926041219237,153.80926041219237
Symmetric Quadratic,1,123,24,1,1.0,1.0,135.64725112785715,135.64725112785715
Symmetric Quadratic,1,123,25,1,1.0,1.0,120.72421163007282,120.72421163007282
Symmetric Quadratic,1,123,26,1,1.0,1.0,167.43642083395466,167.43642083395466
Symmetric Quadratic,1,123,27,1,1.0,1.0,186.69926923910296,186.69926923910296
Symmetric Quadratic,1,123,28,1,1.0,1.0,124.6391677833999,124.6391677833999
Symmetric Quadratic,1,123,29,1,1.0,1.0,1.3279909026296564,1.3279909026296564
Symmetric Quadratic,1,123,30,1,1.0,1.0,5.376683486486168,5.376683486486168
Symmetric Quadratic,1,123,31,1,1.0,1.0,124.4486272059826,124.4486272059826
Symmetric Quadratic,1,42,0,1,1.0,1.0,213.66715855204077,213.66715855204077
Symmetric Quadratic,1,42,1,1,1.0,1.0,18.537359412910664,18.537359412910664
Symmetric Quadratic,1,42,2,1,1.0,1.0,12.414140175362762,12.414140175362762
Symmetric Quadratic,1,42,3,1,1.0,1.0,105.9291831491374,105.9291831491374
Symmetric Quadratic,1,42,4,1,1.0,1.0,154.23351387187773,154.23351387187773
Symmetric Quadratic,1,42,5,1,1.0,1.0,20.534181560463814,20.534181560463814
Symmetric Quadratic,1,42,6,1,1.0,1.0,482.29378570061743,482.29378570061743
Symmetric Quadratic,1,42,7,1,1.0,1.0,369.99694389746395,369.99694389746395
Symmetric Quadratic,1,42,8,1,1.0,1.0,42.702908640031445,42.702908640031445
Symmetric Quadratic,1,42,9,1,1.0,1.0,60.31346158126716,60.31346158126716
Symmetric Quadratic,1,42,10,1,1.0,1.0,133.77488298242733,133.77488298242733
Symmetric Quadratic,1,42,11,1,1.0,1.0,170.98605473628118,170.98605473628118
Symmetric Quadratic,1,42,12,1,1.0,1.0,98.00409030443349,98.00409030443349
Symmetric Quadratic,1,42,13,1,1.0,1.0,143.94473330951098,143.94473330951098
Symmetric Quadratic,1,42,14,1,1.0,1.0,48.37798600094803,48.37798600094803
Symmetric Quadratic,1,42,15,1,1.0,1.0,113.89172474002828,113.89172474002828
Symmetric Quadratic,1,42,16,1,1.0,1.0,222.9643697128004,222.9643697128004
Symmetric Quadratic,1,42,17,1,1.0,1.0,67.33269011809519,67.33269011809519
Symmetric Quadratic,1,42,18,1,1.0,1.0,84.15168479477708,84.15168479477708
Symmetric Quadratic,1,42,19,1,1.0,1.0,94.11956780591117,94.11956780591117
Symmetric Quadratic,1,42,20,1,1.0,1.0,37.06213262660598,37.06213262660598
Symmetric Quadratic,1,42,21,1,1.0,1.0,318.71616971767867,318.71616971767867
Symmetric Quadratic,1,42,22,1,1.0,1.0,119.28386187961154,119.28386187961154
Symmetric Quadratic,1,42,23,1,1.0,1.0,100.86628400860064,100.86628400860064
Symmetric Quadratic,1,42,24,1,1.0,1.0,124.29802780933763,124.29802780933763
Symmetric Quadratic,1,42,25,1,1.0,1.0,26.96803443772718,26.96803443772718
Symmetric Quadratic,1,42,26,1,1.0,1.0,75.95507047402812,75.95507047402812
Symmetric Quadratic,1,42,27,1,1.0,1.0,26.249306815520583,26.249306815520583
Symmetric Quadratic,1,42,28,1,1.0,1.0,134.45803528552767,134.45803528552767
Symmetric Quadratic,1,42,29,1,1.0,1.0,112.3582000183415,112.3582000183415
Symmetric Quadratic,1,42,30,1,1.0,1.0,77.87068737282036,77.87068737282036
Symmetric Quadratic,1,42,31,1,1.0,1.0,36.70913703324889,36.70913703324889
Symmetric Quadratic,1,456,0,1,1.0,1.0,263.3244589062178,263.3244589062178
Symmetric Quadratic,1,456,1,1,1.0,1.0,75.86010888480791,75.86010888480791
Symmetric Quadratic,1,456,2,1,1.0,1.0,154.82803290377387,154.82803290377387
Symmetric Quadratic,1,456,3,1,1.0,1.0,45.426014594791184,45.426014594791184
Symmetric Quadratic,1,456,4,1,1.0,1.0,88.12308570958213,88.12308570958213
Symmetric Quadratic,1,456,5,1,1.0,1.0,284.51822052509743,284.51822052509743
Symmetric Quadratic,1,456,6,1,1.0,1.0,417.2079415247663,417.2079415247663
Symmetric Quadratic,1,456,7,1,1.0,1.0,314.8857359786417,314.8857359786417
Symmetric Quadratic,1,456,8,1,1.0,1.0,16.384706848752117,16.384706848752117
Symmetric Quadratic,1,456,9,1,1.0,1.0,132.24775752586976,132.24775752586976
Symmetric Quadratic,1,456,10,1,1.0,1.0,71.71709665054402,71.71709665054402
Symmetric Quadratic,1,456,11,1,1.0,1.0,72.93344044252265,72.93344044252265
Symmetric Quadratic,1,456,12,1,1.0,1.0,160.174454910556,160.174454910556
Symmetric Quadratic,1,456,13,1,1.0,1.0,114.95614331186403,114.95614331186403
Symmetric Quadratic,1,456,14,1,1.0,1.0,81.55224301183905,81.55224301183905
Symmetric Quadratic,1,456,15,1,1.0,1.0,138.6429770509548,138.6429770509548
Symmetric Quadratic,1,456,16,1,1.0,1.0,269.41993683661804,269.41993683661804
Symmetric Quadratic,1,456,17,1,1.0,1.0,75.35040357858315,75.35040357858315
Symmetric Quadratic,1,456,18,1,1.0,1.0,159.38666226128265,159.38666226128265
Symmetric Quadratic,1,456,19,1,1.0,1.0,30.512884288285083,30.512884288285083
Symmetric Quadratic,1,456,20,1,1.0,1.0,47.94208235576231,47.94208235576231
Symmetric Quadratic,1,456,21,1,1.0,1.0,311.40647863383873,311.40647863383873
Symmetric Quadratic,1,456,22,1,1.0,1.0,140.95636093372417,140.95636093372417
Symmetric Quadratic,1,456,23,1,1.0,1.0,100.13350774140376,100.13350774140376
Symmetric Quadratic,1,456,24,1,1.0,1.0,127.37978714575799,127.37978714575799
Symmetric Quadratic,1,456,25,1,1.0,1.0,42.95063599182194,42.95063599182194
Symmetric Quadratic,1,456,26,1,1.0,1.0,185.4784307484851,185.4784307484851
Symmetric Quadratic,1,456,27,1,1.0,1.0,185.14196205081876,185.14196205081876
Symmetric Quadratic,1,456,28,1,1.0,1.0,204.8312529598001,204.8312529598001
Symmetric Quadratic,1,456,29,1,1.0,1.0,86.90548704675501,86.90548704675501
Symmetric Quadratic,1,456,30,1,1.0,1.0,53.720969672009964,53.720969672009964
Symmetric Quadratic,1,456,31,1,1.0,1.0,97.60480276314199,97.60480276314199
Symmetric Quadratic,2,123,0,2,1.0617287529865052,1.0001204514766766,177.65812952342404,177.66882879327036
Symmetric Quadratic,2,123,1,2,1.7175579265596856,1.0905911994950175,109.072805684575,113.90623026040177
Symmetric Quadratic,2,123,2,2,1.6169604228699515,1.0522957845448868,53.7863454762817,55.174823476805955
Symmetric Quadratic,2,123,3,2,1.8133185320198935,1.15479175351772,72.20891674289004,77.59659541695117
Symmetric Quadratic,2,123,4,2,1.8691556725854508,1.2177658111551106,36.833736629232305,40.646922269672444
Symmetric Quadratic,2,123,5,2,1.0550677804960287,1.0000916275765575,167.40087822512962,167.40854731785123
Symmetric Quadratic,2,123,6,2,1.5621746190765562,1.0384267817320447,229.9271929299167,234.3032309741203
Symmetric Quadratic,2,123,7,2,1.7698867629997213,1.1208548566714995,143.41168289447884,151.83056953855913
Symmetric Quadratic,2,123,8,2,1.9310416174417602,1.340004314693298,51.60112200434256,59.73271339938306
Symmetric Quadratic,2,123,9,2,1.856001468175663,1.2002622351816172,14.940755664815185,16.368566020292047
Symmetric Quadratic,2,123,10,2,1.7966850353949686,1.1406115583938632,31.94841931015568,34.12072573207881
Symmetric Quadratic,2,123,11,2,1.979995988263946,1.5655027526124679,8.115454924542727,10.154061458479276
Symmetric Quadratic,2,123,12,2,1.6711568700869133,1.0703791195233157,83.11311853326269,85.98810780345093
Symmetric Quadratic,2,123,13,2,1.94582490270555,1.3865069957836722,61.12544765159148,71.9752339670121
Symmetric Quadratic,2,123,14,2,1.9475875093305586,1.3928352199155987,32.11216262968342,37.89827341183082
Symmetric Quadratic,2,123,15,2,1.3336674567100377,1.0083638915964241,55.05163589652027,55.281379466662074
Symmetric Quadratic,2,123,16,2,1.289181923462362,1.0056902589400603,124.6435260291088,124.99764994866838
Symmetric Quadratic,2,123,17,2,1.9427231361490707,1.375823324147903,23.15503771381205,27.159816196815783
Symmetric Quadratic,2,123,18,2,1.565173934603587,1.03909248425637,97.35668973109146,99.24140420015725
Symmetric Quadratic,2,123,19,2,1.4259763242641343,1.0165649780705974,33.37583914814274,33.651138769541554
Symmetric Quadratic,2,123,20,2,1.9649990284110748,1.4684221205239232,39.556311518605206,47.933732456176905
Symmetric Quadratic,2,123,21,2,1.6391150583850616,1.059082681861656,164.620974074724,169.41431353447737
Symmetric Quadratic,2,123,22,2,1.4509481508631712,1.0195512885778226,40.12730891178646,40.51768037989028
Symmetric Quadratic,2,123,23,2,1.9719082968677255,1.507827864003503,63.40158870541879,77.8531201784274
Symmetric Quadratic,2,123,24,2,1.937521719890129,1.3590787969574551,66.37519804289833,77.37989720173744
Symmetric Quadratic,2,123,25,2,1.70839191554327,1.0861779682817578,44.00066923092933,45.857436851860456
Symmetric Quadratic,2,123,26,2,1.626927214309531,1.0552544379465736,90.97173949930315,93.45124523516522
Symmetric Quadratic,2,123,27,2,1.7431233524072174,1.1041999639299203,126.43177502004473,132.85567170917827
Symmetric Quadratic,2,123,28,2,1.6016194449211116,1.0480230257811562,124.93955982782042,127.90437026639157
Symmetric Quadratic,2,123,29,2,1.94263968188953,1.3755434501750776,6.844774064757679,8.027795005097493
Symmetric Quadratic,2,123,30,2,1.5098741565324727,1.0282653233129078,61.639505908657235,62.50456598483664
Symmetric Quadratic,2,123,31,2,1.3862249175063726,1.0125343020903288,75.30123865147922,75.77169327371381
Symmetric Quadratic,2,42,0,2,1.5571457541018265,1.0373324476537877,166.26276345688228,169.33782449785977
Symmetric Quadratic,2,42,1,2,1.7326452749553611,1.0983766335290603,123.09069448535578,129.00331326136154
Symmetric Quadratic,2,42,2,2,1.6645117216054528,1.067877940904922,85.63808099379729,88.49683413399907
Symmetric Quadratic,2,42,3,2,1.488654321452422,1.0248312556837063,76.14373300400744,77.0833083124732
Symmetric Quadratic,2,42,4,2,1.216700232233402,1.0026772338679066,85.78195304928408,85.89670547083347
Symmetric Quadratic,2,42,5,2,1.4091906705064323,1.0147609736817182,172.52672834601594,173.7953950555195
Symmetric Quadratic,2,42,6,2,1.5842219304552192,1.0435583309550571,250.56329016588194,255.96218446101287
Symmetric Quadratic,2,42,7,2,1.9767796610381527,1.5406868282466855,139.9140848211683,173.66752735748892
Symmetric Quadratic,2,42,8,2,1.5463095933185074,1.0350643936716397,63.58578269491417,64.69097638731463
Symmetric Quadratic,2,42,9,2,1.8967434011618554,1.2622126467453345,49.87583231475225,56.03461853985539
Symmetric Quadratic,2,42,10,2,1.5748805499960565,1.0413156572700255,47.83930431305339,48.817558425269645
Symmetric Quadratic,2,42,11,2,1.7872414557864227,1.1332498960203992,64.91251311872402,69.10210343864374
Symmetric Quadratic,2,42,12,2,1.96902179182416,1.4904822299986833,81.4233973343192,99.40600498793128
Symmetric Quadratic,2,42,13,2,1.9716352621494602,1.506126181639579,58.50942754733034,71.80530447574515
Symmetric Quadratic,2,42,14,2,1.0593696541500686,1.0001097046274607,37.630607248192874,37.63267131745958
Symmetric Quadratic,2,42,15,2,1.9195230242489572,1.310112432729033,41.988682757630976,48.06030631299498
Symmetric Quadratic,2,42,16,2,1.0439424356566853,1.0000535191842659,128.31398499287522,128.31741857683855
Symmetric Quadratic,2,42,17,2,1.9426536570382438,1.3755902907395712,38.86468877639547,45.58266840861667
Symmetric Quadratic,2,42,18,2,1.9621543708054898,1.4540847401251595,94.91947538637164,114.45906334566888
Symmetric Quadratic,2,42,19,2,1.3127678961702516,1.0070194142737596,48.43902444822629,48.60873394351834
Symmetric Quadratic,2,42,20,2,1.8358732737173136,1.1769453494235855,78.7568307285576,85.44101124774653
Symmetric Quadratic,2,42,21,2,1.5962942406523037,1.0466150744461824,202.38298467809315,207.0463073262511
Symmetric Quadratic,2,42,22,2,1.9731956883037864,1.5160372157521005,68.33553266557195,84.13980773391027
Symmetric Quadratic,2,42,23,2,1.9647710395648421,1.4672370623189297,76.4348755927385,92.58522949344278
Symmetric Quadratic,2,42,24,2,1.9556114673738336,1.4243591345846358,79.58893963600256,94.98662812575111
Symmetric Quadratic,2,42,25,2,1.8766185849225088,1.2286492364366512,22.140011912577663,24.540974702645357
Symmetric Quadratic,2,42,26,2,1.8962913292894115,1.2613808150865713,105.68794892918471,118.69941548612876
Symmetric Quadratic,2,42,27,2,1.9575300624118792,1.432653194608068,203.48412652371425,243.55725601279048
Symmetric Quadratic,2,42,28,2,1.9248920630703352,1.3234702671829124,123.15837965271469,141.68408208958527
Symmetric Quadratic,2,42,29,2,1.0577130188970314,1.0001025133815036,47.57049886727691,47.5729371111397
Symmetric Quadratic,2,42,30,2,1.5051242696800495,1.027465205216832,76.73564741663739,77.78228968619992
Symmetric Quadratic,2,42,31,2,1.9726857644869007,1.5127481567771277,84.38020078284244,103.78243847381695
Symmetric Quadratic,2,456,0,2,1.383309207655318,1.01227040734159,178.45192950279002,179.54343035440397
Symmetric Quadratic,2,456,1,2,1.936387607546328,1.355605636114784,81.25787713602527,94.60893529895628
Symmetric Quadratic,2,456,2,2,1.7779469131595556,1.1264392667190994,118.68383636302782,125.96371676014353
Symmetric Quadratic,2,456,3,2,1.9122192497560995,1.2933411008405722,61.851659349215836,70.34089581476208
Symmetric Quadratic,2,456,4,2,1.2586660273658932,1.0042386304856086,50.236923705215624,50.3432790023457
Symmetric Quadratic,2,456,5,2,1.4074151285364358,1.0145791300492788,163.1730534689354,164.35821004491186
Symmetric Quadratic,2,456,6,2,1.5962770893335454,1.0466105999888216,226.1473374117386,231.3577453611149
Symmetric Quadratic,2,456,7,2,1.7418334591737714,1.1034634893028168,148.13202373568865,155.60657370908154
Symmetric Quadratic,2,456,8,2,1.8193185297406291,1.160329709627278,53.54463993224248,57.67753728130218
Symmetric Quadratic,2,456,9,2,1.8789870435520475,1.232263993638149,86.16300032139277,95.64729509266613
Symmetric Quadratic,2,456,10,2,1.9536468382192376,1.416190800041367,36.09757234949344,42.95748824233565
Symmetric Quadratic,2,456,11,2,1.6775970744988418,1.072888928290119,27.261685437860265,28.237749688263392
Symmetric Quadratic,2,456,12,2,1.7414408689204546,1.1032404544854946,82.73590606911971,86.90186893928004
Symmetric Quadratic,2,456,13,2,1.8154616183667271,1.1567423748372896,43.87771175472779,47.191338278420965
Symmetric Quadratic,2,456,14,2,1.882772773666923,1.2382139348063672,35.40012877594574,39.39151512415016
Symmetric Quadratic,2,456,15,2,1.4201392221277234,1.0159199187383765,52.96271975710725,53.382636194715786
Symmetric Quadratic,2,456,16,2,1.2297873722996646,1.0031143187102878,124.87791002779963,125.072213670384
Symmetric Quadratic,2,456,17,2,1.3236725540836254,1.0077004642574887,39.43152445743774,39.58305382759131
Symmetric Quadratic,2,456,18,2,1.6165246151104513,1.052169792060308,85.08177305460718,87.27290780508814
Symmetric Quadratic,2,456,19,2,1.973120228475088,1.5155473236200785,23.771051472674667,29.263963295528974
Symmetric Quadratic,2,456,20,2,1.3050669756575621,1.0065643327062632,63.76635935795018,63.975308814552186
Symmetric Quadratic,2,456,21,2,1.7673763991130527,1.1191730796069057,171.90819656798155,181.86336054166807
Symmetric Quadratic,2,456,22,2,1.8998415672270608,1.2680229070020341,47.793455136945454,53.818548152867926
Symmetric Quadratic,2,456,23,2,1.9297191344089646,1.3363281332474146,45.50165634981301,52.59975991737366
Symmetric Quadratic,2,456,24,2,1.9589996800830054,1.439233323550096,46.66438250747767,55.982350156322035
Symmetric Quadratic,2,456,25,2,1.2940471183591928,1.0059489433964912,22.543116209506227,22.610070641286125
Symmetric Quadratic,2,456,26,2,1.7552400152710053,1.1114033503526457,100.53160217652291,105.98354813410046
Symmetric Quadratic,2,456,27,2,1.477066883045661,1.0231022686051658,170.13061547244234,172.08459615120395
Symmetric Quadratic,2,456,28,2,1.1922697776471203,1.0019716902791107,121.7930736564328,121.91308363962962
Symmetric Quadratic,2,456,29,2,1.1397459176862437,1.0008840093301956,44.26324932689662,44.28280956768759
Symmetric Quadratic,2,456,30,2,1.9630065191509094,1.458280001777175,27.03599913777572,32.64847377078582
Symmetric Quadratic,2,456,31,2,1.7760569173795504,1.1251038733998688,74.88402325962136,79.43016768978663
Symmetric Quadratic,4,123,0,4,3.363977132539546,1.7709277262334098,98.66379578672365,131.29803857142443
Symmetric Quadratic,4,123,1,4,3.5826363452741936,1.7818261630330479,45.581611912746,60.84464267166401
Symmetric Quadratic,4,123,2,4,3.537926647546867,1.6631376885340912,44.16597634884059,56.957633687049125
Symmetric Quadratic,4,123,3,4,2.9408654470966313,1.5490871515490467,20.176691492642902,25.112380289048254
Symmetric Quadratic,4,123,4,4,3.580961705879923,1.728405060428842,25.47006126328476,33.48518896908773
Symmetric Quadratic,4,123,5,4,3.7670826077952513,1.971243479797872,76.92867405552514,108.00861121478569
Symmetric Quadratic,4,123,6,4,2.9522344662314137,1.6510480629049018,117.40012484911819,150.85107755424812
Symmetric Quadratic,4,123,7,4,2.5515571527814536,1.2759693653799922,111.6545713818821,126.12367957769855
Symmetric Quadratic,4,123,8,4,3.25666393977421,1.774794744262513,16.866107035018366,22.469267731225475
Symmetric Quadratic,4,123,9,4,2.7699862036167504,1.663517839423948,27.411316843030416,35.35441299731683
Symmetric Quadratic,4,123,10,4,2.825815106195249,1.512039915751818,22.32720015132252,27.45464886775299
Symmetric Quadratic,4,123,11,4,2.803232645096255,1.5687133866542688,16.459468691982398,20.615202894905025
Symmetric Quadratic,4,123,12,4,3.6981620943742946,1.6930905113387935,57.59005816723417,74.93549924533131
Symmetric Quadratic,4,123,13,4,3.769891830635593,1.9963082810836532,42.95368864124632,60.689599132609246
Symmetric Quadratic,4,123,14,4,3.3543317153366803,2.133197791710348,18.880281797843995,27.575540571019978
Symmetric Quadratic,4,123,15,4,3.184825153161777,1.439112138133695,28.878046071657288,34.64297042379127
Symmetric Quadratic,4,123,16,4,2.2059180716808866,1.3345606001215735,68.90938552353975,79.6063161114871
Symmetric Quadratic,4,123,17,4,3.69612720594766,1.816121205412622,26.83192674808337,36.15965467519147
Symmetric Quadratic,4,123,18,4,3.394639909228654,1.6083836143049495,56.244383921342404,71.33028907389657
Symmetric Quadratic,4,123,19,4,2.0423617359727246,1.0375101802433766,8.084761311268808,8.2349958761322
Symmetric Quadratic,4,123,20,4,3.298310117361782,2.402081095538221,23.209057089039533,35.97090210046021
Symmetric Quadratic,4,123,21,4,2.561366674709021,1.2170903633437167,106.60877007830355,117.61273381294377
Symmetric Quadratic,4,123,22,4,3.1712584423708408,1.9858879593729106,26.445785652579858,37.26780761642502
Symmetric Quadratic,4,123,23,4,3.767058692832079,1.7405765047559876,43.85067320908023,57.85259226258867
Symmetric Quadratic,4,123,24,4,3.8743744925771915,2.3230794358491638,40.78747107112814,62.16684238304773
Symmetric Quadratic,4,123,25,4,3.147673526768789,1.6835106118952634,21.21962091813797,27.532493808992694
Symmetric Quadratic,4,123,26,4,2.5495447292793303,1.4288968005611795,114.20088483619641,136.51170809258954
Symmetric Quadratic,4,123,27,4,2.72234663640459,1.1607924187388436,121.4740718615469,130.87625853286096
Symmetric Quadratic,4,123,28,4,3.0465175891976424,1.4312478430145021,79.89577426183286,95.58312656988386
Symmetric Quadratic,4,123,29,4,3.229009291286957,1.45160681942083,40.45038703330132,48.73569696252818
Symmetric Quadratic,4,123,30,4,2.7641027034072563,1.41830761879432,26.10640339033046,31.090826144844662
Symmetric Quadratic,4,123,31,4,3.8089608275912843,1.8979214778762943,44.568835737914384,61.400288183859914
Symmetric Quadratic,4,42,0,4,3.3150491297170426,1.319656125754187,112.96447361899538,129.76939264054735
Symmetric Quadratic,4,42,1,4,3.623674720966542,1.9863047225108459,27.86698956258017,39.27471050368401
Symmetric Quadratic,4,42,2,4,3.108209079748659,1.4646783885856034,33.77474264241681,40.87551008356513
Symmetric Quadratic,4,42,3,4,3.876803921528341,2.2261527356165276,19.878583679735033,29.659437976438227
Symmetric Quadratic,4,42,4,4,3.6750216009129013,1.8798113206044633,33.660823040126715,46.15107919831942
Symmetric Quadratic,4,42,5,4,3.6645160904337035,1.6942902214302753,76.05297916416018,98.99428726258502
Symmetric Quadratic,4,42,6,4,2.6244033902395385,1.3187699008214346,156.18106487721485,179.35475407571667
Symmetric Quadratic,4,42,7,4,3.0936491585737986,1.4744901326988515,101.29427865987293,123.0002095624741
Symmetric Quadratic,4,42,8,4,2.7320186772927144,1.4188994116444171,22.98181862235895,27.3753825667713
Symmetric Quadratic,4,42,9,4,2.237890633828865,1.12052855722092,31.008218760284464,32.8237566287928
Symmetric Quadratic,4,42,10,4,3.502868292298792,1.9897905466652435,24.08335258678237,33.97196167926462
Symmetric Quadratic,4,42,11,4,3.5219185286028902,1.7163141753674769,30.825798865056335,40.3843163303308
Symmetric Quadratic,4,42,12,4,3.68738625005075,2.101444540873718,41.88746318070637,60.72157469646421
Symmetric Quadratic,4,42,13,4,3.4843292693608223,1.5876730312771052,35.53642707750142,44.77692797511513
Symmetric Quadratic,4,42,14,4,2.8926858849448553,1.4324788224504423,29.17385235625909,34.91707741660791
Symmetric Quadratic,4,42,15,4,2.992403119014522,1.283980389851686,21.150081362387365,23.965761764067864
Symmetric Quadratic,4,42,16,4,3.1801313710741184,1.4335306020535694,58.35245199731836,69.86547148562477
Symmetric Quadratic,4,42,17,4,3.901196745448329,2.298832465211184,23.871811399652547,36.19420447434779
Symmetric Quadratic,4,42,18,4,2.5357889553525554,1.6882736570826082,50.82378855144003,66.03717061480451
Symmetric Quadratic,4,42,19,4,3.511023873891077,1.7268536076200889,22.967201454777225,30.18115396935404
Symmetric Quadratic,4,42,20,4,3.5249588689022877,1.7325134483255595,36.95985583736173,48.648401623021094
Symmetric Quadratic,4,42,21,4,3.2474430817766358,1.2791031604169814,92.12283081729385,104.18856603704943
Symmetric Quadratic,4,42,22,4,3.787852391832352,1.8617896934502476,32.508554211762736,44.35708172610808
Symmetric Quadratic,4,42,23,4,2.7303468038180503,1.6437144369317347,31.11171157865594,39.88752494870243
Symmetric Quadratic,4,42,24,4,3.0548702809237978,1.626752186885641,40.944637676010736,52.22250882556336
Symmetric Quadratic,4,42,25,4,3.4236317790473403,1.772999580954049,33.44157747558114,44.52880823528255
Symmetric Quadratic,4,42,26,4,2.1198055481487934,1.035944591120088,119.65374658769464,121.78521449293737
Symmetric Quadratic,4,42,27,4,2.5177935596212357,1.1858039746343065,96.64395987555616,105.24007943314469
Symmetric Quadratic,4,42,28,4,2.7596166182559436,1.1085222546887812,79.7227675291694,83.93721874386469
Symmetric Quadratic,4,42,29,4,3.485043568539729,1.8963057145025293,32.389096838920004,44.601864593302004
Symmetric Quadratic,4,42,30,4,2.7928570607771728,1.700640956279656,33.23066426052878,43.335652453159796
Symmetric Quadratic,4,42,31,4,2.825329013270008,1.2153800290701284,46.74768501130943,51.53664667532661
Symmetric Quadratic,4,456,0,4,2.900692146576775,1.3337027963653005,121.65977003380803,140.50006400493172
Symmetric Quadratic,4,456,1,4,2.981779851225154,1.9666031009210376,34.09033625125136,47.806796702207194
Symmetric Quadratic,4,456,2,4,3.668168154332265,1.9190508454097874,44.950797579881616,62.27025479801633
Symmetric Quadratic,4,456,3,4,3.5868563100973367,1.5128326564368966,7.232714692184111,8.896041070492675
Symmetric Quadratic,4,456,4,4,3.1676637883987304,1.3252834804070128,33.73841447024134,38.839985707780116
Symmetric Quadratic,4,456,5,4,3.175786408979063,1.418430208910316,85.39577912132576,101.7045520336236
Symmetric Quadratic,4,456,6,4,2.101692873336624,1.2891351095661772,133.53467831706806,151.61538840563887
Symmetric Quadratic,4,456,7,4,2.5641601517436703,1.4601513621607858,115.08580874103689,139.0659199027595
Symmetric Quadratic,4,456,8,4,2.0361707563886577,1.2581652957054792,23.141133570394583,25.956939207101634
Symmetric Quadratic,4,456,9,4,3.0763038979191255,1.3896273232715008,43.778292626234226,51.60692617152792
Symmetric Quadratic,4,456,10,4,3.776928785334135,1.9987212678320456,12.005917441855264,16.973502530726215
Symmetric Quadratic,4,456,11,4,2.6206552701506522,1.0850202045910915,28.813789081298196,30.013682600986588
Symmetric Quadratic,4,456,12,4,3.167724577743974,1.2751567402670179,44.94111015363103,50.74877713496537
Symmetric Quadratic,4,456,13,4,3.466695171483714,1.4366982369518944,44.11554584503783,52.877928901513634
Symmetric Quadratic,4,456,14,4,3.2482232144971763,1.2639752276185081,13.651064015232125,15.34743435385117
Symmetric Quadratic,4,456,15,4,3.0828300577318988,1.4218940331269212,14.328635045957862,17.085922695800697
Symmetric Quadratic,4,456,16,4,2.7021678030850267,1.4004843854574183,70.46777039751836,83.39301317742718
Symmetric Quadratic,4,456,17,4,3.641510193514345,2.1327258763785077,11.429612087302397,16.69164002811308
Symmetric Quadratic,4,456,18,4,3.4117394466599174,1.374103051307639,57.984757688432154,67.97097484256652
Symmetric Quadratic,4,456,19,4,3.3839007281308953,1.705055577264237,18.284737601089233,23.875803838241048
Symmetric Quadratic,4,456,20,4,2.4021442233825807,1.1139472475426095,35.84044184276726,37.82732818923863
Symmetric Quadratic,4,456,21,4,1.9443549937827538,1.046156847568575,114.90777485637341,117.52975093603854
Symmetric Quadratic,4,456,22,4,1.803100241959243,1.0176091666021663,29.450234398539127,29.708399880510164
Symmetric Quadratic,4,456,23,4,3.1956814926307726,1.3286180078517797,39.96004744794203,46.060225779966906
Symmetric Quadratic,4,456,24,4,3.1942799437483935,1.2647098614215595,47.86585890259917,53.82961934752036
Symmetric Quadratic,4,456,25,4,2.912150330923001,1.6101430454091,26.30887541229339,33.38370350725756
Symmetric Quadratic,4,456,26,4,2.8013813116363315,1.1327453830339913,130.62114359328496,139.02075157373355
Symmetric Quadratic,4,456,27,4,2.639170734462485,1.229108398862096,49.46061789996067,54.83459381152455
Symmetric Quadratic,4,456,28,4,3.5663413250807934,1.8448802978244756,66.62731638127183,90.49746573723178
Symmetric Quadratic,4,456,29,4,3.110218306833712,1.343034016219641,17.329369651357766,20.08289289012302
Symmetric Quadratic,4,456,30,4,2.7068291945484066,1.335899071036043,25.445620336142927,29.41032792282866
Symmetric Quadratic,4,456,31,4,2.1618289419077468,1.0715796326646072,48.1564682377456,49.850194115662134
Symmetric Quadratic,8,123,0,8,5.5396439016193755,1.6343664561072735,71.43946342240339,91.3298835790004
Symmetric Quadratic,8,123,1,8,5.739566680987119,1.5089268475421742,32.48378966924937,39.90256214845597
Symmetric Quadratic,8,123,2,8,6.297146656977945,1.9094929859736598,24.174576253366062,33.40549442218044
Symmetric Quadratic,8,123,3,8,5.202167074216183,1.7864354666026645,14.086993985523131,18.82833840427893
Symmetric Quadratic,8,123,4,8,5.206359555583973,1.6564865801847917,16.78416658004615,21.60198907476123
Symmetric Quadratic,8,123,5,8,6.55005237868354,1.9076239394296104,41.94038672266402,57.926703274937076
Symmetric Quadratic,8,123,6,8,4.858121258519525,1.5167709252587975,73.45558547660643,90.46588210120528
Symmetric Quadratic,8,123,7,8,5.104169892416295,1.5658812558157715,51.12766482507625,63.97869394701452
Symmetric Quadratic,8,123,8,8,5.128634456231871,1.4237789736298796,22.807108489528748,27.21394582660863
Symmetric Quadratic,8,123,9,8,6.723183735526906,2.017144684540233,20.165329292546012,28.64005471610188
Symmetric Quadratic,8,123,10,8,5.221656069336176,2.0109037440397555,11.694580394576382,16.583656178687345
Symmetric Quadratic,8,123,11,8,5.265202634474242,1.7019514740766888,12.718390992483334,16.592268185886354
Symmetric Quadratic,8,123,12,8,5.9747875250860405,1.6986471011731068,27.15086221031622,35.38630422058094
Symmetric Quadratic,8,123,13,8,6.164034573511184,1.9131423007281958,21.19632642549932,29.3179929609222
Symmetric Quadratic,8,123,14,8,5.883681086386315,1.9898354063734727,15.994548280947628,22.562153851459165
Symmetric Quadratic,8,123,15,8,4.754497505278206,1.6725165671941573,15.458694580737948,19.992082304576183
Symmetric Quadratic,8,123,16,8,5.275787873572294,1.5021489369371073,41.338238509938776,50.66504865745781
Symmetric Quadratic,8,123,17,8,6.236270093958637,1.787303988468828,17.003884751099154,22.732508649481755
Symmetric Quadratic,8,123,18,8,5.3475197307548195,1.6153224821443632,34.12857515397761,43.375827785562315
Symmetric Quadratic,8,123,19,8,6.019014273131704,2.0951218732445693,12.541686903537359,18.153509638046167
Symmetric Quadratic,8,123,20,8,5.444753961812136,1.7100633616949774,16.716306666515365,21.859812421940152
Symmetric Quadratic,8,123,21,8,4.784469642673866,1.204178890994271,69.34793247999491,76.09901274741281
Symmetric Quadratic,8,123,22,8,6.491789464490981,1.8123635653113739,17.99670193457372,24.22788955530929
Symmetric Quadratic,8,123,23,8,6.422016102656403,1.7647330406736168,21.756987138469647,28.902689911013635
Symmetric Quadratic,8,123,24,8,6.681307595393959,1.7366218797246369,25.599383730360337,33.73511108794628
Symmetric Quadratic,8,123,25,8,5.5174209194129284,1.9975387243354297,12.428030671737845,17.565071422947465
Symmetric Quadratic,8,123,26,8,4.710216671259261,1.2133401242282655,75.4800633133169,83.14258739138353
Symmetric Quadratic,8,123,27,8,4.983723680709617,1.6633288049123014,44.6334596459652,57.56381988372155
Symmetric Quadratic,8,123,28,8,4.567173004253152,1.5266962129772783,56.82239751846226,70.20949806039646
Symmetric Quadratic,8,123,29,8,5.9803630255900595,1.994518094823649,15.364275088489514,21.698567562199354
Symmetric Quadratic,8,123,30,8,6.812916965794607,2.21101827903548,16.049071832410267,23.864156441287566
Symmetric Quadratic,8,123,31,8,6.0749423082052445,1.868746348286231,27.0312150773002,36.952238012120034
Symmetric Quadratic,8,42,0,8,4.610565493727817,1.354614895171261,76.61729322713325,89.17327733686382
Symmetric Quadratic,8,42,1,8,6.444129530228163,1.6622619981378477,29.35592635351319,37.84822594400375
Symmetric Quadratic,8,42,2,8,6.390843425575137,2.102781481783968,23.365705423385325,33.88254072609107
Symmetric Quadratic,8,42,3,8,6.04516011848466,1.7346901948914477,11.18533832361149,14.731944925906637
Symmetric Quadratic,8,42,4,8,5.984740123836921,1.873834990632572,15.148888062049867,20.737023924147426
Symmetric Quadratic,8,42,5,8,5.652058684873415,1.3456475462355402,50.48260892293388,58.560860935436
Symmetric Quadratic,8,42,6,8,5.0417039119012115,1.395895450602382,56.63759580365624,66.91619772065629
Symmetric Quadratic,8,42,7,8,5.023524305217368,1.4444743881954543,55.948451384309884,67.242367048998
Symmetric Quadratic,8,42,8,8,5.754681257004325,1.639761925351398,18.333640520151043,23.47681137480204
Symmetric Quadratic,8,42,9,8,6.012148720174057,1.966575951577104,21.458140988433147,30.09175079002038
Symmetric Quadratic,8,42,10,8,5.154513267515172,1.6155053812952198,7.900699003840072,10.041988533081023
Symmetric Quadratic,8,42,11,8,5.90157971454689,1.8235936189413782,13.943216231135494,18.828988681857577
Symmetric Quadratic,8,42,12,8,5.900169604251139,1.8484826126737905,26.273987170888418,35.72182745843278
Symmetric Quadratic,8,42,13,8,6.311029657137832,1.7814743327700977,25.092721445677793,33.49172759905808
Symmetric Quadratic,8,42,14,8,6.156466884966779,1.645258888692033,16.753912742189787,21.489849406670476
Symmetric Quadratic,8,42,15,8,5.186504017703443,2.039936286724129,15.533374871847672,22.185750519432045
Symmetric Quadratic,8,42,16,8,4.618233553624402,1.4837270025385154,39.665745071601435,48.31618290422903
Symmetric Quadratic,8,42,17,8,6.180941964826636,2.0279553351158737,12.22576005669394,17.41025214503785
Symmetric Quadratic,8,42,18,8,5.495572104432275,2.0015977660615074,30.27135972522778,42.827264219168484
Symmetric Quadratic,8,42,19,8,5.628206888064291,1.4585074171398502,14.096675452985952,17.02436892825089
Symmetric Quadratic,8,42,20,8,5.801984255339772,2.028803487289254,16.348699779917794,23.286445942303214
Symmetric Quadratic,8,42,21,8,4.578404429701046,1.4134347705804797,63.79658694160185,75.84646256977211
Symmetric Quadratic,8,42,22,8,6.351771728514367,1.8386548458279386,22.61371825139185,30.663525246146985
Symmetric Quadratic,8,42,23,8,6.66578534214587,2.092350460704849,20.216469802677928,29.243041185105895
Symmetric Quadratic,8,42,24,8,6.364213732861463,2.0306674251508854,27.1835162033181,38.73691524192229
Symmetric Quadratic,8,42,25,8,5.15093263574828,1.924098134506139,15.25643847095446,21.162490254954026
Symmetric Quadratic,8,42,26,8,4.637026204311257,1.5294781330145504,61.948568955253926,76.61307864445715
Symmetric Quadratic,8,42,27,8,3.827137992664861,1.1153209406205467,81.70693016299765,86.28967275207731
Symmetric Quadratic,8,42,28,8,3.846159125475736,1.5745715881055253,57.348051829232105,71.96144482239846
Symmetric Quadratic,8,42,29,8,5.485510001067254,1.8203236183136084,25.364866477966025,34.22211784843558
Symmetric Quadratic,8,42,30,8,5.243874019608404,1.6473600147261904,18.154866245721454,23.3016842933987
Symmetric Quadratic,8,42,31,8,5.289487685354363,1.937062996317311,29.65303960327891,41.270629199551024
Symmetric Quadratic,8,456,0,8,5.820092883807071,1.5981706677757193,65.3161677563817,82.57189916814215
Symmetric Quadratic,8,456,1,8,6.521953602087918,2.0702912569109397,26.228804508560565,37.739332998332046
Symmetric Quadratic,8,456,2,8,6.346283389335223,2.442189407212655,21.493471009975696,33.58893450657636
Symmetric Quadratic,8,456,3,8,6.710044899878347,2.073564836657993,16.006258092822417,23.048816224527588
Symmetric Quadratic,8,456,4,8,5.707528076715632,2.451268795636513,14.10891809124969,22.08966758984259
Symmetric Quadratic,8,456,5,8,5.639813590639583,1.6111856160249778,46.1689315753808,58.60337289581443
Symmetric Quadratic,8,456,6,8,5.1365999789752745,1.5533553454049072,64.13755781310108,79.93699667008116
Symmetric Quadratic,8,456,7,8,5.705106785337744,1.7211452678120351,54.38790210591577,71.3528083027591
Symmetric Quadratic,8,456,8,8,5.072723320634005,2.1201691818547985,18.410235105401096,26.806776494345044
Symmetric Quadratic,8,456,9,8,6.131246369250625,2.2962831261090155,19.528536225804338,29.592551284091073
Symmetric Quadratic,8,456,10,8,6.65870126329956,2.426191559439595,11.182531560045867,17.41817607134764
Symmetric Quadratic,8,456,11,8,5.724059589239493,2.200459883077944,12.678226199034746,18.80681375028225
Symmetric Quadratic,8,456,12,8,6.364400855925001,2.239011226082085,23.506189262430386,35.17307710867102
Symmetric Quadratic,8,456,13,8,4.828382681987637,2.1549194395720765,23.04006725386738,33.82199818763034
Symmetric Quadratic,8,456,14,8,5.5126321169316554,2.0412700741463086,14.369025982553428,20.529461817197085
Symmetric Quadratic,8,456,15,8,4.13113200550171,1.2733384847120077,16.889180342957996,19.058139683221405
Symmetric Quadratic,8,456,16,8,5.336652729410449,1.6124178314749296,37.396306177039286,47.48620936862427
Symmetric Quadratic,8,456,17,8,6.581757449990644,1.8892352090416469,13.701230686462925,18.83226661308301
Symmetric Quadratic,8,456,18,8,5.500531209737582,2.2479652664432184,27.387493975808233,41.06266134457774
Symmetric Quadratic,8,456,19,8,5.280944372393006,1.7148767757231869,16.72699434809523,21.90455171319719
Symmetric Quadratic,8,456,20,8,4.689255882826854,1.6111466503019627,21.261925927036287,26.987964931911055
Symmetric Quadratic,8,456,21,8,5.5900173460257445,1.3884634860565106,65.8868101539395,77.63645804881958
Symmetric Quadratic,8,456,22,8,6.257280848808819,2.212094680371268,20.54392022182172,30.555203153908085
Symmetric Quadratic,8,456,23,8,5.892287466890305,1.9611341507452187,20.3446692589811,28.49077645716106
Symmetric Quadratic,8,456,24,8,5.374473845023324,2.1744614014041224,22.234543475066776,32.78718025493991
Symmetric Quadratic,8,456,25,8,6.135349928077512,2.131726669972095,15.352452285860359,22.415246318798832
Symmetric Quadratic,8,456,26,8,3.963276708692476,1.103075467784604,74.99862447558213,78.76910506213326
Symmetric Quadratic,8,456,27,8,5.355903601378665,2.164278970801097,35.350159022123364,52.00534617651357
Symmetric Quadratic,8,456,28,8,4.417440107360772,1.6610190445794062,50.039247647657746,64.49084647503784
Symmetric Quadratic,8,456,29,8,6.7473778881142845,2.3464290885689927,14.482967408558311,22.1850938542046
Symmetric Quadratic,8,456,30,8,5.154353921425356,1.7279574471217232,18.267457793870957,24.012901214334622
Symmetric Quadratic,8,456,31,8,5.11086008859387,2.1884207392626087,25.484944480913718,37.70067298379764
