rank,seed,symmetric_minus_lora_final_validation_loss,symmetric_minus_lora_final_test_loss
1,42,-0.01867389678955078,-0.016581370504097137
1,123,-0.06827926635742188,-0.006842449462311606
1,456,-0.03888416290283203,-0.014127629082288262
2,42,-0.07146167755126953,-0.030843381476628462
2,123,-0.02378058433532715,-0.007035145003279286
2,456,-0.03482794761657715,-0.018243471314558946
4,42,-0.04210400581359863,-0.020773494938515213
4,123,-0.04514312744140625,-0.026690288092074077
4,456,-0.027436256408691406,-0.02052673666497684
8,42,-0.06957507133483887,-0.04082660248416392
8,123,-0.07271790504455566,-0.04354067997214939
8,456,-0.040247201919555664,-0.029851401170023273
