method,rank,seed,adapter_parameters,alpha_over_rank,best_recorded_validation_loss,final_validation_loss,final_validation_perplexity,final_test_loss,final_test_perplexity,result_directory
LoRA,1,123,1536,4.0,3.5343313217163086,3.5769107341766357,35.76288894792712,3.924744108387964,50.64011801929299,results_rank_factorial_controlled/confirmation_5000/lora_r1_seed123_steps5000
LoRA,1,42,1536,4.0,3.533694267272949,3.5675621032714844,35.43011282326273,3.9265982775035293,50.734100464881436,results_rank_factorial_controlled/confirmation_5000/lora_r1_seed42_steps5000
LoRA,1,456,1536,4.0,3.5272393226623535,3.575655460357666,35.7180248939673,3.9254605870305066,50.67641358325518,results_rank_factorial_controlled/confirmation_5000/lora_r1_seed456_steps5000
LoRA,2,123,3072,2.0,3.4509146213531494,3.4815495014190674,32.51005744857753,3.851412594291456,47.05949227203374,results_rank_factorial_controlled/confirmation_5000/lora_r2_seed123_steps5000
LoRA,2,42,3072,2.0,3.450603723526001,3.4795923233032227,32.44649170063067,3.846503640966506,46.82904550994588,results_rank_factorial_controlled/confirmation_5000/lora_r2_seed42_steps5000
LoRA,2,456,3072,2.0,3.441957473754883,3.4708802700042725,32.16504390980017,3.84969492945475,46.97872921870999,results_rank_factorial_controlled/confirmation_5000/lora_r2_seed456_steps5000
LoRA,4,123,6144,1.0,3.329256057739258,3.354067325592041,28.618899624046186,3.771364829899012,43.43931166708712,results_rank_factorial_controlled/confirmation_5000/lora_r4_seed123_steps5000
LoRA,4,42,6144,1.0,3.3308563232421875,3.353299140930176,28.596923466269892,3.7646875489205187,43.150221420093274,results_rank_factorial_controlled/confirmation_5000/lora_r4_seed42_steps5000
LoRA,4,456,6144,1.0,3.31803035736084,3.337545871734619,28.14995825777304,3.760685124550262,42.977861082000736,results_rank_factorial_controlled/confirmation_5000/lora_r4_seed456_steps5000
LoRA,8,123,12288,0.5,3.283278465270996,3.3067381381988525,27.295944504274498,3.732938703777453,41.80177086302421,results_rank_factorial_controlled/confirmation_5000/lora_r8_seed123_steps5000
LoRA,8,42,12288,0.5,3.295045852661133,3.3164684772491455,27.562839683502983,3.7347639257747343,41.878138047059764,results_rank_factorial_controlled/confirmation_5000/lora_r8_seed42_steps5000
LoRA,8,456,12288,0.5,3.2745509147644043,3.2931363582611084,26.927184654387325,3.7280271393758273,41.59696215064338,results_rank_factorial_controlled/confirmation_5000/lora_r8_seed456_steps5000
Symmetric Quadratic,1,123,1536,4.0,3.493326425552368,3.508631467819214,33.40252406110879,3.9179016589256523,50.29479833452195,results_rank_factorial_controlled/confirmation_5000/symmetric_quadratic_r1_seed123_steps5000
Symmetric Quadratic,1,42,1536,4.0,3.5195345878601074,3.5488882064819336,34.77463377501207,3.910016906999432,49.899795622092306,results_rank_factorial_controlled/confirmation_5000/symmetric_quadratic_r1_seed42_steps5000
Symmetric Quadratic,1,456,1536,4.0,3.5027785301208496,3.536771297454834,34.355815218498115,3.9113329579482183,49.96550952740406,results_rank_factorial_controlled/confirmation_5000/symmetric_quadratic_r1_seed456_steps5000
Symmetric Quadratic,2,123,3072,2.0,3.436126232147217,3.4577689170837402,31.746069331234647,3.8443774492881766,46.72958375792291,results_rank_factorial_controlled/confirmation_5000/symmetric_quadratic_r2_seed123_steps5000
Symmetric Quadratic,2,42,3072,2.0,3.3828039169311523,3.408130645751953,30.208720644265707,3.8156602594898774,45.40672670997659,results_rank_factorial_controlled/confirmation_5000/symmetric_quadratic_r2_seed42_steps5000
Symmetric Quadratic,2,456,3072,2.0,3.419879913330078,3.4360523223876953,31.06408480354129,3.831451458140191,46.129444624458614,results_rank_factorial_controlled/confirmation_5000/symmetric_quadratic_r2_seed456_steps5000
Symmetric Quadratic,4,123,6144,1.0,3.258166790008545,3.3089241981506348,27.355680344676465,3.744674541806938,42.295239646304275,results_rank_factorial_controlled/confirmation_5000/symmetric_quadratic_r4_seed123_steps5000
Symmetric Quadratic,4,42,6144,1.0,3.2578303813934326,3.311195135116577,27.41787396256414,3.7439140539820035,42.26308685895185,results_rank_factorial_controlled/confirmation_5000/symmetric_quadratic_r4_seed42_steps5000
Symmetric Quadratic,4,456,6144,1.0,3.2478842735290527,3.3101096153259277,27.38812746588666,3.7401583878852853,42.10465850471207,results_rank_factorial_controlled/confirmation_5000/symmetric_quadratic_r4_seed456_steps5000
Symmetric Quadratic,8,123,12288,0.5,3.200147867202759,3.234020233154297,25.38149164846355,3.6893980238053037,40.02074816687499,results_rank_factorial_controlled/confirmation_5000/symmetric_quadratic_r8_seed123_steps5000
Symmetric Quadratic,8,42,12288,0.5,3.2081775665283203,3.2468934059143066,25.7103441213076,3.6939373232905703,40.202827271573454,results_rank_factorial_controlled/confirmation_5000/symmetric_quadratic_r8_seed42_steps5000
Symmetric Quadratic,8,456,12288,0.5,3.2017059326171875,3.2528891563415527,25.864959983929268,3.698175738205804,40.37358515005863,results_rank_factorial_controlled/confirmation_5000/symmetric_quadratic_r8_seed456_steps5000
