method,component,rank,seed,numerical_rank,effective_rank,stable_rank,spectral_norm,frobenius_norm
Symmetric Quadratic,U,1,123,1,1.0,1.0,14.000438670443703,14.000438670443703
Symmetric Quadratic,P,1,123,1,1.0,1.0,0.5064979335332567,0.5064979335332567
Symmetric Quadratic,output_covariance,1,123,1,1.0000000000000906,1.0,692.6905867739481,692.6905867739481
Symmetric Quadratic,U,1,42,1,1.0,1.0,14.32392066432302,14.32392066432302
Symmetric Quadratic,P,1,42,1,1.0,1.0,0.5312912592523178,0.5312912592523178
Symmetric Quadratic,output_covariance,1,42,1,1.000000000000081,1.0,754.7433134125928,754.7433134125928
Symmetric Quadratic,U,1,456,1,1.0,1.0,13.954193669128225,13.954193669128225
Symmetric Quadratic,P,1,456,1,1.0,1.0,0.4981253218359361,0.4981253218359361
Symmetric Quadratic,output_covariance,1,456,1,1.0000000000000815,1.0,624.6945861154264,624.6945861154264
Symmetric Quadratic,U,2,123,2,1.999575137239588,1.9208464875743985,10.207457335231158,14.146985299746643
Symmetric Quadratic,P,2,123,2,1.9820417668226238,1.582932218007366,0.9157495638294154,1.152146963963522
Symmetric Quadratic,output_covariance,2,123,2,1.9795547460801661,1.5619233646157653,220.19945695319265,275.1985265852762
Symmetric Quadratic,U,2,42,2,1.9997592695304902,1.939819382437045,10.223419460353607,14.2389126956842
Symmetric Quadratic,P,2,42,2,1.9804310199382666,1.569091499475726,0.9812495338601466,1.2291463568558267
Symmetric Quadratic,output_covariance,2,42,2,1.8192679822670648,1.1602820430290448,365.9442034275526,394.1818811959143
Symmetric Quadratic,U,2,456,2,1.9994843782583758,1.9131576033350526,10.43112010615924,14.428006192254495
Symmetric Quadratic,P,2,456,2,1.9704922144835133,1.4991442052165396,0.9887806745497689,1.210658553812713
Symmetric Quadratic,output_covariance,2,456,2,1.9514671565876602,1.4074851429809752,209.94163882828823,249.0694677332125
Symmetric Quadratic,U,4,123,4,3.996786807516147,3.5472425059558947,8.150859921669664,15.351431161012396
Symmetric Quadratic,P,4,123,4,3.919023125651976,2.3380040101548696,1.6391353108591238,2.506325264745511
Symmetric Quadratic,output_covariance,4,123,4,3.186052792074365,1.3262726035112662,194.8123332580785,224.35349903105407
Symmetric Quadratic,U,4,42,4,3.9914843211940014,3.2969286822580424,8.062756408407662,14.639906919955536
Symmetric Quadratic,P,4,42,4,3.9193655526848192,2.2996722832707928,1.5839187121160263,2.401960520892403
Symmetric Quadratic,output_covariance,4,42,4,2.7525056651596245,1.096175174559084,336.72826791009305,352.54905711791486
Symmetric Quadratic,U,4,456,4,3.9947326177662785,3.511853667127931,8.188325032594564,15.344872319965313
Symmetric Quadratic,P,4,456,4,3.8454646241648605,2.0565607099314116,1.7088177711859964,2.4505666515457243
Symmetric Quadratic,output_covariance,4,456,4,3.0617404864057947,1.1911218926036284,275.26824387525835,300.4237173874035
Symmetric Quadratic,U,8,123,8,7.968127658799633,5.868190735918386,6.8460717684740695,16.584163026088095
Symmetric Quadratic,P,8,123,8,7.3229093255978315,2.415193736713999,2.6289208783963764,4.085577963578152
Symmetric Quadratic,output_covariance,8,123,8,3.782441818219103,1.2079305646180083,177.17378599927392,194.72443432471758
Symmetric Quadratic,U,8,42,8,7.963081421098853,5.928630969489323,6.781511219053302,16.51215260577128
Symmetric Quadratic,P,8,42,8,7.317074771142343,2.4777425168386964,2.5970629218505716,4.087996906332653
Symmetric Quadratic,output_covariance,8,42,8,3.7357275126111342,1.3004848554296586,169.80116806822753,193.63921928165297
Symmetric Quadratic,U,8,456,8,7.963261184939543,5.775051759524894,6.766932164295058,16.26184298228495
Symmetric Quadratic,P,8,456,8,7.210119309202134,2.4080089125897093,2.5236048097880737,3.916069506125328
Symmetric Quadratic,output_covariance,8,456,8,3.256998736306669,1.105144625155589,173.64198849800826,182.54263216720815
